Man Booker Prize,2001,Fiction,Atonement,Ian McEwan,,
Man Booker Prize,2000,Fiction,English Passengers,Matthew Kneale,,
Man Booker Prize,1998,Fiction,"England, England",Julian Barnes,,
Man Booker Prize,1996,Fiction,A Fine Balance,Rohinton Mistry,,
Man Booker Prize,1999,Fiction,Disgrace,J. M. Coetzee,,
Man Booker Prize,1998,Fiction,Master Georgie,Beryl Bainbridge,,
Man Booker Prize,2001,Fiction,True History of the Kelly Gang,Peter Carey,,
Man Booker Prize,2000,Fiction,When we were Orphans,Kazuo Ishiguro,,
Man Booker Prize,1996,Fiction,Alias Grace,Margaret Atwood,,
Man Booker Prize,1990,Fiction,Amongst Women,John McGahern,,
Man Booker Prize,1998,Fiction,Amsterdam,Ian McEwan,,
Man Booker Prize,1990,Fiction,An Awfully Big Adventure,Beryl Bainbridge,,
Man Booker Prize,1994,Fiction,Beside the Ocean of Time,George Mackay Brown,,
Man Booker Prize,1992,Fiction,Black Dogs,Ian McEwan,,
Man Booker Prize,1998,Fiction,Breakfast on Pluto,Patrick McCabe,,
Man Booker Prize,1993,Fiction,Crossing the River,Caryl Phillips,,
Man Booker Prize,1992,Fiction,Daughters of the House,Michèle Roberts,,
Man Booker Prize,1997,Fiction,Europa,Tim Parks,,
Man Booker Prize,1996,Fiction,Every Man for Himself,Beryl Bainbridge,,
Man Booker Prize,1999,Fiction,"Fasting, Feasting",Anita Desai,,
Man Booker Prize,1997,Fiction,Grace Notes,Bernard MacLaverty,,
Man Booker Prize,1999,Fiction,Headlong,Michael Frayn,,
Man Booker Prize,2001,Fiction,Hotel World,Ali Smith,,
Man Booker Prize,1994,Fiction,"How Late It Was, How Late",James Kelman,,
Man Booker Prize,1995,Fiction,In Every Face I Meet,Justin Cartwright,,
Man Booker Prize,1994,Fiction,Knowledge of Angels,Jill Paton Walsh,,
Man Booker Prize,1996,Fiction,Last Orders,Graham Swift,,
Man Booker Prize,1990,Fiction,Lies of Silence,Brian Moore,,
Man Booker Prize,1995,Fiction,Morality Play,Barry Unsworth,,
Man Booker Prize,2001,Fiction,number9dream,David Mitchell,,
Man Booker Prize,1999,Fiction,Our Fathers,Andrew O’Hagan,,
Man Booker Prize,2001,Fiction,Oxygen,Andrew Miller,,
Man Booker Prize,1993,Fiction,Paddy Clarke Ha Ha Ha,Roddy Doyle,,
Man Booker Prize,1994,Fiction,Paradise,Abdulrazak Gurnah,,
Man Booker Prize,1990,Fiction,Possession,A. S. Byatt,,
Man Booker Prize,1997,Fiction,Quarantine,Jim Crace,,
Man Booker Prize,1996,Fiction,Reading in the Dark,Seamus Deane,,
Man Booker Prize,1991,Fiction,Reading Turgenev (from Two Lives),William Trevor,,
Man Booker Prize,1994,Fiction,Reef,Romesh Gunesekera,,
Man Booker Prize,1993,Fiction,Remembering Babylon,David Malouf,,
Man Booker Prize,1992,,Sacred Hunger,Barry Unsworth,,
Man Booker Prize,1993,,Scar Tissue,Michael Ignatieff,,
Man Booker Prize,1992,,Serenity House,Christopher Hope,,
Man Booker Prize,1990,,Solomon Gursky Was Here,Mordecai Richler,,
Man Booker Prize,1991,,Such a Long Journey,Rohinton Mistry,,
Man Booker Prize,1999,,The Blackwater Lightship,Colm Toibin,,
Man Booker Prize,2000,,The Blind Assassin,Margaret Atwood,,
Man Booker Prize,1992,,The Butcher Boy,Patrick McCabe,,
Man Booker Prize,2001,,The Dark Room,Rachel Seiffert,,
Man Booker Prize,2000,,The Deposition of Father McGreevy,Brian O’Doherty,,
Man Booker Prize,1992,,The English Patient,Michael Ondaatje,,
Man Booker Prize,1997,,The Essence of the Thing,Madeleine St John,,
Man Booker Prize,1991,,The Famished Road,Ben Okri,,
Man Booker Prize,1994,,The Folding Star,Alan Hollinghurst,,
Man Booker Prize,1990,,The Gate of Angels,Penelope Fitzgerald,,
Man Booker Prize,1995,,The Ghost Road,Pat Barker,,
Man Booker Prize,1997,,The God of Small Things,Arundhati Roy,,
Man Booker Prize,2000,,The Hiding Place,Trezza Azzopardi,,
Man Booker Prize,1998,,The Industry of Souls,Martin Booth,,
Man Booker Prize,2000,,The Keepers of Truth,Michael Collins,,
Man Booker Prize,1999,,The Map of Love,Ahdaf Soueif,,
Man Booker Prize,1995,,The Moor’s Last Sigh,Salman Rushdie,,
Man Booker Prize,1996,,The Orchard on Fire,Shena Mackay,,
Man Booker Prize,1991,,The Redundancy of Courage,Timothy Mo,,
Man Booker Prize,1998,,The Restraint of Beasts,Magnus Mills,,
Man Booker Prize,1995,,The Riders,Tim Winton,,
Man Booker Prize,1993,,The Stone Diaries,Carol Shields,,
Man Booker Prize,1997,,The Underground Man,Mick Jackson,,
Man Booker Prize,1991,,The Van,Roddy Doyle,,
Man Booker Prize,1991,,Time’s Arrow,Martin Amis,,
Man Booker Prize,1993,,Under the Frog,Tibor Fischer,,
The Economist,2005,Nonfiction,Against the Flow,Samuel Brittan,,
The Economist,2012,Nonfiction,Great Houses of London,James Stourton,,
The Economist,2008,Nonfiction,"Salon to Biennial: Exhibitions that Made Art History: Volume I, 1863-1959",Bruce Altshuler,,
The Economist,2006,Nonfiction,A Royal Affair: George III and his Scandalous Siblings ,Stella Tillyard,,
The Economist,2004,Nonfiction,Alexander Hamilton,Ron Chernow,,
The Economist,2006,Nonfiction,Alexis de Tocqueville: Prophet of Democracy in the Age of Revolution ,Hugh Brogan,,
The Economist,2007,Nonfiction,Beatrix Potter: A Life in Nature,Linda Lear,,
The Economist,2003,Nonfiction,Beautiful Shadow: A Life of Patricia Highsmith,Andrew Wilson.,,
The Economist,2008,Nonfiction,Chagall: A Biography,Jackie Wullschlager,,
The Economist,2007,Nonfiction,Edith Wharton,Hermione Lee,,
The Economist,2003,Nonfiction,Franklin Delano Roosevelt: Champion of Freedom, Conrad Black,,
The Economist,2005,Nonfiction,Gannibal: The Moor of Petersburg,Hugh Barnes,,
The Economist,2007,Nonfiction,God's Architect: Pugin and the Building of Romantic Britain,Rosemary Hill,,
The Economist,2003,Nonfiction,Governor Reagan: His Rise to Power,Lou Cannon,,
The Economist,2003,Nonfiction,Goya,Robert Hughes,,
The Economist,2002,Nonfiction,Interesting Times: A Twentieth-Century Life,Eric Hobsbawn,,
The Economist,2005,Nonfiction,Mao: The Unknown Story,Jung Chang,Jon Halliday,
The Economist,2002,Nonfiction,Mapping Lives: The Uses of Biography,Peter France ,William St Clair,
The Economist,2002,Nonfiction,Master of the Senate: The Years of Lyndon Johnson,Robert A. Caro,,
The Economist,2005,Nonfiction,"Matisse the Master- A Life of Henri Matisse: The Conquest of Colour, 1909-1954",Hilary Spurling,,
The Economist,2006,Nonfiction,Mellon: An American Life ,David Cannadine,,
The Economist,2008,Nonfiction,Nixonland: The Rise of a President and the Fracturing of America,Rick Perlstein,,
The Economist,2006,Nonfiction,Passionate Minds: The Great Love Affair of the Enlightenment ,David Bodanis,,
The Economist,2002,Nonfiction,Pushkin: A Biography,T.J. Binyon,,
The Economist,2008,Nonfiction,Soul of the Age: A Biography of the Mind of William Shakespeare,Jonathan Bate,,
The Economist,2007,Nonfiction,Stanley: The Impossible Life of Africa's Greatest Explorer,Tim Jeal,,
The Economist,2004,Nonfiction,The Architect King: George III and the Culture of the Enlightenment,David Watkin,,
The Economist,2006,Nonfiction,The Life of George Mackay Brown: Through the Eye of a Needle ,Maggie Fergusson,,
The Economist,2003,Nonfiction,The Majesty of the Law: Reflections of a Supreme Court Justice,Sandra Day O'Connor,,
The Economist,2005,Nonfiction,"The Prince of the City: Giuliani, New York and the Genius of American Life",Fred Siegel.,,
The Economist,2005,Nonfiction,The Pursuit of Victory: The Life and Achievement of Horatio Nelson,Roger Knight.,,
The Economist,2002,Nonfiction,The Red Count: The Life and Times of Harry Kessler,Laird M. Easton,,
The Economist,2007,Nonfiction,The Wagner Clan: The Saga of Germany's Most Illustrious and Infamous Family, Jonathan Carr,,
The Economist,2006,Nonfiction,Thomas Hardy: The Time-Torn Man ,Claire Tomalin,,
The Economist,2007,Nonfiction,Two Lives: Gertrude and Alice,Janet Malcolm,,
The Economist,2004,Nonfiction,Ulysses S. Grant,Josiah Bunting,,
The Economist,2003,Nonfiction,"W.B.Yeats: A Life (Volume II, The Arch-Poet)",R.F. Foster,,
The Economist,2008,Nonfiction,White Heat: The Friendship of Emily Dickinson & Thomas Wentworth Higginson,Brenda Wineapple,,
The Economist,2004,Nonfiction,Wodehouse: A Life,Robert McCrum,,
The Economist,2012,Nonfiction,Bertie: A Life of Edward VII,Jane Ridley,,
The Economist,2011,Nonfiction,Charles Dickens: a Life,Claire Tomalin,,
The Economist,2011,Nonfiction,Deng Xiaoping and the Transformation of China,Ezra Vogel,,
The Economist,2012,Nonfiction,Every Love Story is a Ghost Story: A Life of David Foster Wallace,D.T. Max,,
The Economist,2011,Nonfiction,"Hemingway's Boat: Everything He Loved in Life, and Lost, 1934-1961",Paul Hendrickson,,
The Economist,2010,Nonfiction,Lives Like Loaded Guns: Emily Dickinson and Her Family's Feuds,Lyndall Gordon,,
The Economist,2012,Nonfiction,Raffles and the Golden Opportunity,Victoria Glendinning,,
The Economist,2012,Nonfiction,Rin Tin Tin: The Life and the Legend,Susan Orlean,,
The Economist,2011,Nonfiction,The Paper Garden: An Artist Begins her Life's Work at 72,Molly Peacock,,
The Economist,2012,Nonfiction,"The Pinecone: The Story of Sarah Losh, Forgotten Romantic Heroine- Antiquarian, Architect and Visionary",Jenny Uglow,,
The Economist,2012,Nonfiction,Thomas Hobbes: Leviathan,Noel Malcolm,,
The Economist,2012,Nonfiction,Titian: His Life,Sheila Hale,,
The Economist,2011,Nonfiction,Van Gogh: the Life,Steven Naifeh,Gregory White Smith,
The Economist,2012,Nonfiction,"Wanted Women: Faith, Lies and the War on Terror- The Hidden Lives of Ayaan Hirsi Ali and Aafia Siddiqui",Deborah Scroggins,,
The Economist,2009,Nonfiction,Louis D. Brandeis: A Life,Melvin Urofsky,,
The Economist,2009,Nonfiction,Marx's General: The Revolutionary Life of Friedrich Engels,Tristram Hunt,,
The Economist,2009,Nonfiction,Pops: A Life of Louis Armstrong,Terry Teachout,,
The Economist,2009,Nonfiction,The Ballad of Dorothy Wordsworth: A Life,Frances Wilson,,
The Economist,2009,Nonfiction,"The Life and Times of Raúl Prebisch, 1901-1986",Edgar J. Dosman,,
The Economist,2009,Nonfiction,The Secret Lives of Somerset Maugham,Selina Hastings,,
The Economist,2009,Nonfiction,William Golding: The Man Who Wrote Lord of the Flies,John Carey,,
The Economist,2002,Nonfiction,Deep in a Dream: The Long Night of Chet Baker,James Gavin,,
The Economist,2004,Nonfiction,Queen: The Life and Music of Dinah Washington,Nadine Cohodas,,
The Economist,2012,Nonfiction,On Warne,Gideon Haigh,,
The Economist,2010,Nonfiction,High Financier: The Lives and Time of Siegmund Warburg,Niall Ferguson,,
The Economist,2006,Nonfiction,Joe Wilson and the Creation of Xerox ,Charles D. Ellis,,
The Economist,2002,Nonfiction,Martha Inc: The Incredible Story of Martha Stewart Living Omnimedia,Christopher Byron,,
The Economist,2006,Nonfiction,Myself and Other More Important Matters ,Charles Handy,,
The Economist,2007,Nonfiction,The Billionaire Who Wasn't: How Chuck Feeney Secretly Made and Gave Away a Fortune, Conor O'Clery,,
The Economist,2004,Nonfiction,The King of Sunlight: How William Lever Cleaned Up the World,Adam Macqueen,,
The Economist,2003,Nonfiction,Khrushchev: The Man and His Era,William Taubman,,
The Economist,2012,Nonfiction,"The Passage of Power: The Years of Lyndon Johnson, Volume 4",Robert A. Caro,,
The Economist,2008,Nonfiction,The World Is What It Is: The Authorised Biography of V.S. Naipaul,Patrick French,,
The Economist,2005,Economics and Business,DisneyWar,James B. Stewart,,
The Economist,2009,Economics and Business,Poorly Made in China: An Insider's Account of the Tactics Behind China's Production Game,Paul Midler,,
The Economist,2012,Economics and Business,Private Empire: Exxon Mobil and American Power,Steve Coll,,
The Economist,2008,Economics and Business,The Partnership: The Making of Goldman Sachs,Charles D. Ellis,,
The Economist,2003,Economics and Business,The Recurrent Crisis in Corporate Governance, Paul MacAvoy,Ira Millstein,
The Economist,2005,Economics and Business,The Search: How Google and Its Rivals Rewrote the Rules of Business and Transformed Our Culture,John Battelle,,
The Economist,2008,Economics and Business,"The Trillion Dollar Meltdown: Easy Money, High Rollers, and the Great Credit Crash","Charles R. Morris

",,
The Economist,2006,Economics and Business,The Wal-Mart Effect: How the World's Most Powerful Company Really Works-and How It's Transforming the American Economy ,Charles Fishman.,,
The Economist,2011,Economics and Business,Money and Power: How Goldman Sachs Came to Rule the World,William D. Cohan,,
The Economist,2003,Economics and Business,Beyond the Core: Expand Your Market Without Abandoning Your Roots,Chris Zook,,
The Economist,2007,Economics and Business,Forces for Good: The Six Practices of High-Impact Nonprofits,Leslie R. Crutchfield,Heather McLeod Grant,
The Economist,2008,Economics and Business,Globality: Competing with Everyone from Everywhere for Everything,Hal Sirkin,Jim Hemerling,Arindam Bhattacharya
The Economist,2012,Economics and Business,Management in 10 Words,Terry Leahy,,
The Economist,2006,Economics and Business,Mavericks at Work: Why the Most Original Minds in Business Win ,William C. Taylor,Polly LaBarre,
The Economist,2007,Economics and Business,Super Crunchers: Why Thinking-by-Numbers Is the New Way to Be Smart,Ian Ayres,,
The Economist,2007,Economics and Business,The Black Swan: The Impact of the Highly Improbable,Nassim Nicholas Taleb,,
The Economist,2004,Economics and Business,The Modern Firm: Organisational Design for Performance and Growth,John Roberts,,
The Economist,2012,Economics and Business,"The New Industrial Revolution: Consumers, Globalisation and the End of Mass Production",Peter Marsh,,
The Economist,2002,Economics and Business,What Management Is: How It Works and Why It's Everyone's Business,Joan Magretta,Nan Stone,
The Economist,2007,Economics and Business,Wikinomics: How Mass Collaboration Changes Everything,Don Tapscott,Anthondy D. Williams,
The Economist,2009,Nonfiction,When Brute Force Fails: How to Have Less Crime and Less Punishment,Mark Kleiman,,
The Economist,2011,Nonfiction,Iphigenia in Forest Hills: Anatomy of a Murder Trial,Janet Malcolm,,
The Economist,2011,Nonfiction,People Who Eat Darkness: The Fate of Lucie Blackman,Richard Lloyd Parry,Jonathan Cape,
The Economist,2005,Nonfiction,Conspiracy of Fools: A True Story,Kurt Eichenwald,,
The Economist,2006,Nonfiction,Journey Through Great Britain ,Iqbal Ahmed,,
The Economist,2004,Nonfiction,Will in the World: How Shakespeare Became Shakespeare,Stephen Greenblatt,,
The Economist,2004,Economics and Business,Other People's Money: The Corporate Mugging of America,Nomi Prins,,
The Economist,2007,Economics and Business,The Bottom Billion: Why the Poorest Countries are Failing and What Can Be Done About It,Paul Collier,,
The Economist,2004,Economics and Business,The Fortune at the Bottom of the Pyramid: Eradicating Poverty Through Profits,C.K. Prahalad,,
The Economist,2012,Economics and Business,"Why Nations Fail: The Origins of Power, Prosperity and Poverty",Daron Acemoglu ,James Robinson,
The Economist,2011,Economics and Business,Poor Economics: A Radical Rethinking of the Way to Fight Global Poverty,Abhijit Banerjee,Esther Duflo,
The Economist,2008,Economics and Business,Capitalism with Chinese Characteristics: Entrepreneurship and the State,Yasheng Huang,,
The Economist,2005,Economics and Business,Freakonomics: A Rogue Economist Explores the Hidden Side of Everything,Steven D. Levitt,Stephen J. Dubner,
The Economist,2004,Economics and Business,"Global Crises, Global Solutions",Bjorn Lomborg,,
The Economist,2009,Economics and Business,How Markets Fail: The Logic of Economic Calamities,John Cassidy,,
The Economist,2002,Economics and Business,Small is Profitable: The Hidden Economic Benefits of Making Electrical Resources the Right Size, Amory Lovins,,
The Economist,2008,Economics and Business,The Logic of Life: The Rational Economics of an Irrational World,Tim Harford,,
The Economist,2005,Economics and Business,The Origins of Value: The Financial Innovations that Created Modern Capital Markets,William N. Goetzmann,K. Geert Rouwenhorst,
The Economist,2008,Economics and Business,The Venturesome Economy: How Innovation Sustains Prosperity in a More Connected World,Amar Bhide,,
The Economist,2004,Economics and Business,Why Globalization Works,Martin Wolf,,
The Economist,2007,Economics and Business,From Higher Aims to Hired Hands: The Social Transformation of American Business Schools and the Unfulfilled Promise of Management as a Profession,Rakesh Khurana,,
The Economist,2002,Nonfiction,Paris Hollywood: Writings on Film,Peter Wollen,,
The Economist,2008,Nonfiction,How Fiction Works,James Wood,,
The Economist,2011,Nonfiction,The Possessed: Adventures with Russian Books and the People Who Read Them,Elif Batuman,,
The Economist,2012,Nonfiction,When I Was a Child I Read Books,Marilynne Robinson,,
The Economist,2012,Nonfiction,Pulphead: Essays,John Jeremiah Sullivan,,
The Economist,2012,Nonfiction,Winter: Five Windows on the Season,Adam Gopnik,,
The Economist,2011,Fiction,1Q84,Haruki Murakami,,
The Economist,2007,Fiction,Harry Potter and the Deathly Hallows,J.K. Rowling,,
The Economist,2000,Fiction,HARRY POTTER AND THE GOBLET OF FIRE,J.K. Rowling,,
The Economist,2010,Economics and Business,More Money Than God: Hedge Funds and the Making of the New Elite,Sebastian Mallaby,,
The Economist,2012,Nonfiction,The Art of the Restaurateur,Nicholas Lander,,
The Economist,2001,Fiction,As Meat Loves Salt,Maria McCann,,
The Economist,2001,Fiction,Atonement,Ian McEwan,,
The Economist,2001,Fiction,Austerlitz,W.G. Sebald,,
The Economist,2001,Fiction,Balzac and the Little Chinese Seamstress,Dai Sijie,,
The Economist,2012,Fiction,Bring up the Bodies,Hilary Mantel,,
The Economist,2000,Fiction,English Passengers,Matthew Kneale,,
The Economist,2004,Nonfiction,A Little History of British Gardening,Jenny Uglow,,
The Economist,2005,Nonfiction,A Year in the Life of William Shakespeare: 1599,James Shapiro,,
The Economist,2008,Nonfiction,Artists in Exile: How Refugees from Twentieth-Century War and Revolution Transformed the American Performing Arts, Joseph Horowitz,,
The Economist,2006,Nonfiction,Casting a Spell: The Bamboo Fly Rod and the American Pursuit of Perfection ,George Black,,
The Economist,2005,Nonfiction,"Edge of Empire: Lives, Culture, and Conquest in the East, 1750-1850",Maya Jasanoff,,
The Economist,2005,Nonfiction,Edge of the Orison: In the Traces of John Clare's “Journey out of Essex”,Iain Sinclair,,
The Economist,2005,Nonfiction,Italia Romantica: English Romantics and Italian Freedom,Roderick Cavaliero,,
The Economist,2005,Nonfiction,Shakespeare Goes to Paris: How the Bard Conquered France,John Pemble,,
The Economist,2006,Nonfiction,"The Yellow House: Van Gogh, Gauguin, and Nine Turbulent Weeks in Arles",Martin Gayford,,
The Economist,2009,Nonfiction,A Jury of Her Peers: American Women Writers from Anne Bradstreet to Annie Proulx,Elaine Showalter,,
The Economist,2009,Nonfiction,"The Letters of Samuel Beckett, 1929-1940",Samuel Beckett, Lois More Overbeck ,Martha Dow Fehsenfeld
The Economist,2010,Nonfiction,Showtime: A History of the Broadway Musical Theatre,Larry Stempel,,
The Economist,2010,Nonfiction,"Sweetness and Blood: How Surfing Spread from Hawaii and California to the Rest of the World, With Some Unexpected Results",Michael Scott Moore,,
The Economist,2011,Nonfiction,The Better Angels of our Nature: Why Violence Has Declined,Steven Pinker,,
The Economist,2003,Nonfiction,Corn and Capitalism: How a Botanical Bastard Grew to Global Dominance,Arturo Warman,,
The Economist,2012,Nonfiction,Freedom’s Forge: How American Business Produced Victory in World War II,Arthur Herman,,
The Economist,2009,Nonfiction,Lords of Finance: The Bankers Who Broke the World,Liaquat Ahamed,,
The Economist,2005,Nonfiction,"Medici Money: Banking, Metaphysics, and Art in Fifteenth-Century Florence",Tim Parks,,
The Economist,2004,Nonfiction,"Mr China: A Wall Street Banker, an Englishman, an ex-Red Guard and $418,000,000 Disappearing Day by Day",Tim Clissold,,
The Economist,2010,Nonfiction,The Big Short: Inside the Doomsday Machine,Michael Lewis,,
The Economist,2007,Nonfiction,"The Last Tycoons: The Secret History of Lazard Frères & Co- A Tale of Unrestrained Ambition, Billion-Dollar Fortunes, Byzantine Power Struggles, and Hidden Scandal",William D. Cohan,,
The Economist,2009,Nonfiction,Too Big to Fail: The Inside Story of How Wall Street and Washington Fought to Save the Financial Systems- and Themselves,Andrew Ross Sorkin,,
The Economist,2011,Nonfiction,"Reckless Endangerment: How Outsized Ambition, Greed, and Corruption Led to Economic Armageddon",Gretchen Morgenson,Joshua Rosner,
The Economist,2011,Nonfiction,"The Great Stagnation: How America Ate All the Low-Hanging Fruit of Modern History, Got Sick, and Will (Eventually) Feel Better",Tyler Cowen,,
The Economist,2009,Nonfiction,1688: The First Modern Revolution,Steve Pincus,,
The Economist,2007,Nonfiction,"1967: Israel, the War and the Year that Transformed the Middle East",Tom Segev,,
The Economist,2005,Nonfiction,"A Great Improvisation: Franklin, France, and the Birth of America",Stacy Schiff,,
The Economist,2010,Nonfiction,A History of the World in 100 Objects,Neil MacGregor,,
The Economist,2005,Nonfiction,A Life in Secrets: The Story of Vera Atkins and the Lost Agents of SOE,Sarah Helm,,
The Economist,2008,Nonfiction,A Splendid Exchange: How Trade Shaped the World,William J. Bernstein,,
The Economist,2005,Nonfiction,"Agincourt: The King, the Campaign, the Battle",Juliet Barker,,
The Economist,2003,Nonfiction,All the Shah's Men: An American Coup and the Roots of Middle East Terror,Stephen Kinzer,,
The Economist,2008,Nonfiction,American Rifle: A Biography,Alexander Rose,,
The Economist,2011,Nonfiction,"Berlin 1961: Kennedy, Khrushchev, and the Most Dangerous Place on Earth",Frederick Kempe,,
The Economist,2002,Nonfiction,Bitter Bonds: A Colonial Divorce Drama of the Seventeenth Century,Leonard Blusse,,
The Economist,2003,Nonfiction,Black Earth: A Journey Through Russia After the Fall,Andrew Meier,,
The Economist,2010,Nonfiction,Bloodlands: Europe between Hitler and Stalin,Timothy Snyder,,
The Economist,2007,Nonfiction,Byzantium: The Surprising Life of a Medieval Empire,Judith Herrin,,
The Economist,2003,Nonfiction,"Castles of Steel: Britain, Germany, and the Winning of the Great War at Sea",Robert K. Massie,,
The Economist,2002,Nonfiction,"Crossroads of Freedom: Antietam, the Battle that Changed the Course of the Civil War",James M. McPherson,,
The Economist,2008,Nonfiction,"Empires of the Sea: The Siege of Malta, the Battle of Lepanto, and the Contest for the Centre of the World",Roger Crowley,,
The Economist,2008,Nonfiction,Freedom for the Thought that We Hate: A Biography of the First Amendment,Anthony Lewis,,
The Economist,2007,Nonfiction,"God and Gold: Britain, America and the Making of the Modern World",Walter Russell Mead,,
The Economist,2003,Nonfiction,God's Secretaries: The Making of the King James Bible,Adam Nicolson,,
The Economist,2005,Nonfiction,Imperial Reckoning: The Untold Story of the End of Empire in Kenya,Caroline Elkins,,
The Economist,2004,Nonfiction,In Tasmania, Nicholas Shakespeare,,
The Economist,2011,Nonfiction,Jerusalem: the Biography,Simon Sebag Montefiore,,
The Economist,2006,Nonfiction,Khrushchev's Cold War: The Inside Story of an American Adversary ,Aleksandr Fursenko,Timothy Naftali,
The Economist,2007,Nonfiction,Legacy of Ashes: The History of the CIA,Tim Weiner,,
The Economist,2010,Nonfiction,"Mao's Great Famine: The History of China's Most Devastating Catastrophe, 1958-1962",Frank Dikotter,,
The Economist,2008,Nonfiction,"Masters and Commanders: How Roosevelt, Churchill, Marshall and Alanbrooke Won the War in the West",Andrew Roberts,,
The Economist,2004,Nonfiction,Maximum City: Bombay Lost and Found,Suketu Mehta,,
The Economist,2002,Nonfiction,Microcosm: Portrait of a Central European City, Norman Davies,Roger Moorehouse,
The Economist,2008,Nonfiction,"Modern China: The Fall and Rise of a Great Power, 1850 to the Present",Jonathan Fenby,,
The Economist,2007,Nonfiction,"Napoleon's Wars: An International History, 1803-1815",Charles Esdaile,,
The Economist,2008,Nonfiction,Out of Mao's Shadow: The Struggle for the Soul of a New China,Philip P. Pan,,
The Economist,2010,Nonfiction,Pearl Buck in China: Journey to the Good Earth,Hilary Spurling,,
The Economist,2010,Nonfiction,Red Plenty: Industry! Progress! Abundance! Inside the Fifties' Soviet Dream,Francis Spufford,,
The Economist,2003,Nonfiction,Reformation: Europe's House Divided 1490-1700,Diarmaid MacCulloch,,
The Economist,2005,Nonfiction,"Rough Crossings: Britain, the Slaves and the American Revolution",Simon Schama,,
The Economist,2009,Nonfiction,"Russia Against Napoleon: The Battle for Europe, 1807 to 1814",Dominic Lieven,,
The Economist,2007,Nonfiction,"Scotland: The Autobiography—2,000 Years of Scottish History by Those Who Saw it Happen",Rosemary Goring,,
The Economist,2003,Nonfiction,Seven Myths of the Spanish Conquest,Matthew Restall,,
The Economist,2005,Nonfiction,Sons of the Conquerors: The Rise of the Turkic World,Hugh Pope,,
The Economist,2003,Nonfiction,The Afrikaners: Biography of a People,Hermann Giliomee,,
The Economist,2008,Nonfiction,The Age of Wonder: How the Romantic Generation Discovered the Beauty and Terror of Science,Richard Holmes,,
The Economist,2011,Nonfiction,The Anatomy of a Moment: Thirty-five Minutes in History and Imagination,Javier Cercas,,
The Economist,2009,Nonfiction,The Arabs: A History,Eugene Rogan,,
The Economist,2006,Nonfiction,The Battle for Spain: The Spanish Civil War 1936-1939 ,Antony Beevor,,
The Economist,2003,Nonfiction,"The Billy Ruffian: The Bellerophon and the Downfall of Napoleon—The Biography of a Ship of the Line, 1782-1836",David Cordingly,,
The Economist,2008,Nonfiction,The Blackest Streets: The Life and Death of a Victorian Slum,Sarah Wise,,
The Economist,2009,Nonfiction,The British Industrial Revolution in Global Perspective,Robert C. Allen,,
The Economist,2007,Nonfiction,"The Cigarette Century: The Rise, Fall, and Deadly Persistence of the Product that Defined America",Allan M. Brandt,,
The Economist,2004,Nonfiction,"The Command of the Ocean: A Naval History of Britain, 1649-1815. ",N.A.M. Rodger,,
The Economist,2012,Nonfiction,The Eagle Unbowed: Poland and the Poles in the Second World War,Halik Kochanski,,
The Economist,2003,Nonfiction,"The Fall of Hong Kong: Britain, China and the Japanese Occupation",Philip Snow,,
The Economist,2006,Nonfiction,The Grand Slave Emporium: Cape Coast Castle and the British Slave Trade,William St Clair,,
The Economist,2011,Nonfiction,The Great Sea: A Human History of the Mediterranean,David Abulafia,,
The Economist,2004,Nonfiction,The Italian Boy: Murder and Grave-Robbery in 1830s London,Sarah Wise,,
The Economist,2004,Nonfiction,The Last Valley: Dien Bien Phu and the French Defeat in Vietnam,Martin Windrow,,
The Economist,2007,Nonfiction,"The Making of Victorian Values: Decency and Dissent in Britain, 1789-1837",Ben Wilson,,
The Economist,2007,Nonfiction,The Noble Revolt: The Overthrow of Charles I,John Adamson,,
The Economist,2011,Nonfiction,"The Pursuit of Italy: A History of a Land, its Regions and their Peoples",David Gilmour,,
The Economist,2008,Nonfiction,The Return of History and the End of Dreams,Robert Kagan,,
The Economist,2005,Nonfiction,The Rise of American Democracy: Jefferson to Lincoln,Sean Wilentz,,
The Economist,2009,Nonfiction,The Storm of War: A New History of the Second World War,Andrew Roberts,,
The Economist,2011,Nonfiction,"The Sugar Barons: Family, Corruption, Empire, and War in the West Indies",Matthew Parker,,
The Economist,2006,Nonfiction,The Trial of Queen Caroline: The Scandalous Affair that Nearly Ended a Monarchy ,Jane Robins,,
The Economist,2007,Nonfiction,"The Verneys: A True Story of Love, War and Madness in Seventeenth-Century England",Adrian Tinniswood,,
The Economist,2002,Nonfiction,The Victorians,A.N.Wilson,,
The Economist,2006,Nonfiction,The Wages of Destruction: The Making and Breaking of the Nazi Economy,Adam Tooze,,
The Economist,2010,Nonfiction,The Warmth of Other Suns: The Epic Story of America's Great Migration,Isabel Wilkerson,,
The Economist,2008,Nonfiction,The White War: Life and Death on the Italian Front 1915-1919,Mark Thompson,,
The Economist,2003,Nonfiction,"They Marched into Sunlight: War and Peace, Vietnam and America, October 1967",David Maraniss,,
The Economist,2012,Nonfiction,Tombstone: The Great Chinese Famine 1958-1962,Yang Jisheng,,
The Economist,2006,Nonfiction,Twelve Days: The Story of the 1956 Hungarian Revolution,Victor Sebestyen,,
The Economist,2012,Nonfiction,Unfinished Empire: The Global Expansion of Britain,John Darwin,,
The Economist,2003,Nonfiction,Venice: Fragile City 1797-1997, Margaret Plant,,
The Economist,2010,Nonfiction,Why the West Rules- For Now: The Patterns of History and What They Reveal About the Future,Ian Morris,,
The Economist,2002,Nonfiction,Winston Churchill,John Keegan,,
The Economist,2012,Nonfiction,"Iron Curtain: The Crushing of Eastern Europe, 1944-56",Anne Applebaum,,
The Economist,2005,Nonfiction,Bury the Chains: Prophets and Rebels in the Fight to Free an Empire’s Slaves ,Adam Hochschild,,
The Economist,2003,Nonfiction,Gulag: A History,Anne Applebaum,,
The Economist,2008,Economics and Business,When Markets Collide: Investment Strategies for the Age of Global Economic Change,Mohamed El-Erian,,
The Economist,2003,Nonfiction,"Eats, Shoots and Leaves: The Zero Tolerance Approach to Punctuation",Lynne Truss,,
The Economist,2008,Nonfiction,The Secret Life of Words: How English Became English,Henry Hitchings,,
The Economist,2004,Nonfiction,The Stories of English,David Crystal,,
The Economist,2010,Nonfiction,Through the Language Glass: Why the World Looks Different in Other Languages,Guy Deutscher,,
The Economist,2011,Nonfiction,Is That a Fish in Your Ear?: Translation and the Meaning of Everything,David Bellos,,
The Economist,2004,Economics and Business,"Innovation and Its Discontents: How Our Broken Patent System is Endangering Innovation and Progress, and What to Do About It",Adam B. Jaffe,Josh Lerner,
The Economist,2003,Economics and Business,Authentic Leadership: Rediscovering the Secrets to Creating Lasting Value,Bill George,,
The Economist,2011,Nonfiction,Blue Nights,Joan Didion,,
The Economist,2010,Nonfiction,"FINISHING THE HAT: Collected Lyrics (1954-1981) With Attendant Comments, Principles, Heresies, ­Grudges, Whines and Anecdotes",Stephen Sondheim,,
The Economist,2011,Nonfiction,"Ghosts by Daylight: A Memoir of Love, War and Redemption",Janine di Giovanni,,
The Economist,2012,Nonfiction,"Ivory, Apes & Peacocks: Animals, Adventure and Discovery in the Wild Places of Africa",Alan Root,,
The Economist,2012,Nonfiction,Joseph Anton: a Memoir,Salman Rushdie,,
The Economist,2010,Nonfiction,"The Cello Suites: J.S. Bach, Pablo Casals and the Search for a Baroque Masterpiece",Eric Siblin,,
The Economist,2010,Nonfiction,The Hare with Amber Eyes: A Hidden Inheritance,Edmund de Waal,,
The Economist,2012,Nonfiction,The Richard Burton Diaries,Chris Williams,Richard Burton,
The Economist,2009,Nonfiction,Direct Red: A Surgeon's Story,Gabriel Weston,,
The Economist,2002,Nonfiction,"A Third Face: My Tale of Writing, Fighting and Filmmaking",Samuel Fuller,,
The Economist,2002,Nonfiction,The Snow Geese: A Story of Home,William Fiennes,,
The Economist,2004,Nonfiction,Blood Horses: Notes of a Sportswriter's Son,John Jeremiah Sullivan,,
The Economist,2008,Nonfiction,Cold Cream: My Early Life and Other Mistakes,Ferdinand Mount,,
The Economist,2006,Nonfiction,Will & Me: How Shakespeare Took Over My Life,Dominic Dromgoole,,
The Economist,2009,Nonfiction,Outside of a Dog: A Bibliomemoir,Rick Gekoski,,
The Economist,2007,Nonfiction,The Age of Turbulence: Adventures in a New World,Alan Greenspan,,
The Economist,2006,Nonfiction,Running for the Hills: Growing Up on My Mother's Sheep Farm in Wales,Horatio Clare,,
The Economist,2004,Nonfiction,A Tale of Love and Darkness,Amos Oz,,
The Economist,2008,Nonfiction,Fishing in Utopia: Sweden and the Future That Disappeared, Andrew Brown,,
The Economist,2003,Nonfiction,Giving Up the Ghost: A Memoir,Hilary Mantel,,
The Economist,2008,Nonfiction,Palestinian Walks: Forays into a Vanishing Landscape,Raja Shehadeh.,,
The Economist,2003,Nonfiction,Persepolis: The Story of a Childhood,Marjane Satrapi,,
The Economist,2003,Nonfiction,Pretty Girl in Crimson Rose (8): The Puzzling Memoir of a Man in Love with Words,Sandy Balfour,,
The Economist,2008,Nonfiction,The Ayatollah Begs to Differ: The Paradox of Modern Iran,Hooman Majd,,
The Economist,2005,Nonfiction,The Year of Magical Thinking,Joan Didion,,
The Economist,2005,Nonfiction,Classical Music in America: A History of its Rise and Fall,Joseph Horowitz,,
The Economist,2008,Nonfiction,Delta Blues: The Life and Times of the Mississippi Masters Who Revolutionised American Music,Ted Gioia,,
The Economist,2006,Nonfiction,On Opera,Bernard Williams,,
The Economist,2005,Nonfiction,The Oxford History of Western Music (six-volume set),Richard Taruskin,,
The Economist,2012,Nonfiction,Music as Alchemy: Journeys with Great Conductors and their Orchestras,Tom Service,,
The Economist,2004,Nonfiction,How to Be a Bad Birdwatcher,Simon Barnes,,
The Economist,2003,Nonfiction,Mountains of the Mind: How Desolate and Forbidding Heights Were Transformed into Experiences of Indomitable Spirit,Robert Macfarlane,,
The Economist,2006,Nonfiction,"The Cloudspotter's Guide: The Science, History and Culture of Clouds ",Gavin Pretor-Pinney,,
The Economist,2012,Nonfiction,"Into the Silence: The Great War, Mallory and the Conquest of Everest",Wade Davis,,
The Economist,2012,Nonfiction,Strands: A Year of Discoveries on the Beach,Jean Sprackland,,
The Economist,2011,Nonfiction,The Art of Camping: The History and Practice of Sleeping Under the Stars,Matthew De Abaitua,,
The Economist,2002,Fiction,A Whistling Woman, A.S. Byatt,,
The Economist,2009,Fiction,American Rust,Philipp Meyer,,
The Economist,2002,Fiction,Big If,Mark Costello,,
The Economist,2008,Fiction,Breath: A Novel,Tim Winton,,
The Economist,2002,Fiction,By the Lake,John McGahern,,
The Economist,2007,Fiction,Carpentaria,Alexis Wright,,
The Economist,2002,Fiction,Crow Lake,Mary Lawson,,
The Economist,2002,Fiction,Dirt Music,Tim Winton,,
The Economist,2002,Fiction,Everything is Illuminated,Jonathan Safran Foer,,
The Economist,2002,Fiction,Family Matters,Rohinton Mistry,,
The Economist,2010,Fiction,Freedom,Jonathan Franzen,,
The Economist,2000,Fiction,HANNIE BENNET,Kerry Hardie,,
The Economist,2004,Fiction,I'll Go to Bed at Noon, Gerard Woodward,,
The Economist,2003,Nonfiction,Antarctica,Pat Keough,Rosemarie Keough,
The Economist,2003,Nonfiction,The Photographs So Far (Volumes 1-4),Jim Dine,,
The Economist,2006,Poetry,District and Circle ,Seamus Heaney,,
The Economist,2005,Nonfiction,The Assassins' Gate: America in Iraq,George Packer,,
The Economist,2003,Nonfiction,The Dark Heart of Italy: Travels Through Space and Time Across Italy,Tobias Jones,,
The Economist,2008,Nonfiction,The Dark Side: The Inside Story of How the War on Terror Turned into a War on American Ideals,Jane Mayer,,
The Economist,2007,Nonfiction,The Nine: Inside the Secret World of the Supreme Court,Jeffrey Toobin,,
The Economist,2006,Nonfiction,The Omnivore's Dilemma: A Natural History of Four Meals,Michael Pollan,,
The Economist,2012,Nonfiction,The Origins of Sex: A History of the First Sexual Revolution,Faramerz Dabhoiwala,,
The Economist,2011,Nonfiction,"Thinking, Fast and Slow",Daniel Kahneman,,
The Economist,2004,Fiction,Cloud Atlas,David Mitchell,,
The Economist,2012,Nonfiction,How to Stay Sane,Philippa Perry,,
The Economist,2011,Nonfiction,Adventures in the Orgasmatron: How the Sexual Revolution Came to America,Christopher Turner,,
The Economist,2011,Nonfiction,Beautiful Thing: Inside the Secret World of Bombay's Dance Bars,Sonia Fleiro,,
The Economist,2011,Nonfiction,"Triumph of the City: How Our Greatest Invention Makes Us Richer, Smarter, Greener, Healthier and Happier",Edward Glaeser,,
The Economist,2012,Nonfiction,Swim: Why We Love the Water,Lynn Sherr,,
The Economist,2012,Nonfiction,"The Secret Race: Inside the Hidden World of the Tour de France- Doping, Cover-Ups and Winning at all Costs",Tyler Hamilton,Daniel Coyle,
The Economist,2003,Nonfiction,Moneyball: The Art of Winning an Unfair Game,Michael Lewis,,
The Economist,2004,Fiction,About Love and Other Stories,Anton Checkhov,,
The Economist,2000,Fiction,CALL IF YOU NEED ME: THE UNCOLLECTED FICTION AND PROSE,Raymond Carver,,
The Economist,2008,Economics and Business,Grown Up Digital: How the Net Generation is Changing Your World,Don Tapscott,,
The Economist,2005,Nonfiction,The Chains of Heaven: An Ethiopian Romance,Philip Marsden,,
The Economist,2010,Nonfiction,McGilchrist's Greek Islands,Nigel McGilchrist,,
The Economist,2012,Nonfiction,Radio Congo: Signals of Hope from Africa’s Deadliest War,Ben Rawlence,,
The Economist,2012,Nonfiction,The Old Ways: A Journey on Foot,Robert Macfarlane,,
The Economist,2002,Nonfiction,Schott's Original Miscellany,Ben Schott,,
The Economist,2003,Fiction,Pattern Recognition,William Gibson,,
The Economist,2000,Fiction,"ADIEU, MON UNIQUE",Antoine Audouard,,
The Economist,2009,Fiction,"In Other Rooms, Other Wonders ",Daniyal Mueenuddin,,
The Economist,2009,Fiction,"Jeff in Venice, Death in Varanasi",Geoff Dyer,,
The Economist,2000,Fiction,LA FIESTA DEL CHIVO,Mario Vargas Llosa,,
The Economist,2000,Fiction,LE MARIAGE,Diane Johnson,,
The Economist,2009,Fiction,Love and Summer,William Trevor,,
The Economist,2008,Fiction,Lush Life,Richard Price,,
The Economist,2000,Fiction,MARRYING THE MISTRESS,Joanna Trollope,,
The Economist,2007,Fiction,Mister Pip,Lloyd Jones,,
The Economist,2010,Fiction,Mr Peanut,Adam Ross,,
The Economist,2001,Fiction,My Name is Red,Orhan Pamuk,,
The Economist,2007,Fiction,On Chesil Beach,Ian McEwan,,
The Economist,2011,Fiction,Open City,Teju Cole,,
The Economist,2007,Fiction,Other Country,Stephen Scourfield,,
The Economist,2011,Fiction,Other People's Money,Justin Cartwright,,
The Economist,2010,Fiction,Parrot and Olivier in America, Peter Carey,,
The Economist,2001,Fiction,Red Dust,Ma Jian,,
The Economist,2008,Fiction,Sea of Poppies: A Novel, Amitav Ghosh,,
The Economist,2010,Fiction,Selected Stories,William Trevor,,
The Economist,2000,Fiction,SHATTERED,Dick Francis,,
The Economist,2004,Fiction,Snow,Orhan Pamuk,,
The Economist,2003,Fiction,Star of the Sea,Joseph O'Connor,,
The Economist,2000,Fiction,TERRASSE À ROME,Pascal Quignard,,
The Economist,2011,Fiction,The Afrika Reich,Guy Saville,,
The Economist,2004,Fiction,The Amateur Marriage,Anne Tyler,,
The Economist,2011,Fiction,The Cat's Table,Michael Ondaatje,,
The Economist,2003,Fiction,The Clearing,Tim Gautreaux,,
The Economist,2003,Fiction,The Curious Incident of the Dog in the Night-Time,Mark Haddon,,
The Economist,2006,Fiction,The Emperor's Children ,Claire Messud,,
The Economist,2012,Fiction,The Garden of Evening Mists,Tan Twang Eng,,
The Economist,2007,Fiction,The Ghost,Robert Harris,,
The Economist,2009,Fiction,The Glass Room,Simon Mawer,,
The Economist,2003,Fiction,The Great Fire, Shirley Hazzard,,
The Economist,2002,Fiction,The Horned Man,James Lasdun,,
The Economist,2000,Fiction,The Human Stain,Philip Roth,,
The Economist,2010,Fiction,The Imperfectionists,Tom Rachman,,
The Economist,2004,Fiction,The Lambs of London,Peter Ackroyd,,
The Economist,2004,Fiction,The Line of Beauty,Alan Hollinghurst,,
The Economist,2005,Fiction,The March,E.L. Doctorow,,
The Economist,2011,Fiction,The Marriage Plot,Jeffrey Eugenides,,
The Economist,2004,Fiction,The Master,Colm Toibin,,
The Economist,2001,Fiction,The Other Wind,Ursula K. Le Guin,,
The Economist,2004,Fiction,The Plot Against America ,Philip Roth,,
The Economist,2007,Fiction,The Scandal of the Season,Sophie Gee,,
The Economist,2008,Fiction,The Secret Scripture,Sebastian Barry,,
The Economist,2007,Fiction,The Septembers of Shiraz,Dalia Sofer,,
The Economist,2001,Fiction,The Sweetest Dream,Doris Lessing,,
The Economist,2008,Fiction,The Three of Us: A Family Story, Julia Blackburn.,,
The Economist,2011,Fiction,The Tiger's Wife,Tea Obreht,,
The Economist,2007,Fiction,The Uncommon Reader, Alan Bennett,,
The Economist,2010,Fiction,The Unnamed,Joshua Ferris,,
The Economist,2009,Fiction,The Winter Vault,Anne Michaels,,
The Economist,2007,Fiction,The Yiddish Policemen's Union,Michael Chabon,,
The Economist,2010,Fiction,To the End of the Land, David Grossman,,
The Economist,2009,Fiction,Too Much Happiness,Alice Munro,,
The Economist,2011,Fiction,Train Dreams,Denis Johnson,,
The Economist,2001,Fiction,True History of the Kelly Gang,Peter Carey,,
The Economist,2009,Fiction,Ultimatum,Matthew Glass,,
The Economist,2003,Fiction,What I Loved,Siri Hustvedt,,
The Economist,2000,Fiction,When we were Orphans,Kazuo Ishiguro,,
The Economist,2000,Fiction,White Teeth,Zadie Smith,,
The Economist,2009,Fiction,Wolf Hall,Hilary Mantel,,
The Economist,2009,Fiction,"Your Face Tomorrow: Poison, Shadow and Farewell",Javier Marías,,
The Economist,2005,Fiction,A Short History of Tractors in Ukrainian,Marina Lewycka,,
The Economist,2005,Fiction,Brandenburg,Henry Porter,,
The Economist,2006,Fiction,Everyman ,Philip Roth,,
The Economist,2006,Fiction,House of Meetings ,Martin Amis,,
The Economist,2005,Fiction,Incendiary,Chris Cleave,,
The Economist,2006,Fiction,Seven Lies,James Lasdun,,
The Economist,2006,Fiction,Suite Francais,Irene Nemirovsky,,
The Economist,2006,Fiction,The Meaning of Night: A Confession,Michael Cox,,
The Economist,2006,Fiction,The Ruby in her Navel,Barry Unsworth,,
The Economist,2005,Fiction,The Third Woman,Mark Burnell,,
The Economist,2006,Fiction,Wizard of the Crow,Ngugi wa Thiong'o,,
The Economist,2012,Fiction,Grimm Tales: For Young and Old,Philip Pullman,,
The Economist,2012,Poetry,Place: New Poems,Jorie Graham,,
The Economist,2012,Fiction,The Dinner,Herman Koch,,
The Economist,2012,Fiction,The Forgiven,Lawrence Osborne,,
The Economist,2012,Fiction,Three Strong Women,Marie N’Diaye,,
The Economist,2012,Fiction,Toby's Room,Pat Barker,,
The Economist,2012,Poetry,Yellow Tulips: Poems 1968-2011,James Fenton,,
The Economist,2000,Nonfiction,A COMMON HUMANITY: THINKING ABOUT LOVE AND TRUTH AND JUSTICE,Raimond Gaita,,
The Economist,2000,Nonfiction,"A LIFE IN THE 20TH CENTURY: INNOCENT BEGINNINGS, 1917-1950",Arthur Schlesinger Jr.,,
The Economist,2000,Nonfiction,ALAN CLARK DIARIES: INTO POLITICS: THE LONG-AWAITED EARLY YEARS,Ion Trewin,,
The Economist,2000,Nonfiction,BELLOW: A BIOGRAPHY,James Atlas,,
The Economist,2001,Nonfiction,Blood-Dark Track: A Family History,Joseph O'Neill,,
The Economist,2000,Nonfiction,BOWLING ALONE: THE COLLAPSE AND REVIVAL OF AMERICAN COMMUNITY,Robert Putnam,,
The Economist,2001,Nonfiction,British Teeth,William Leith,,
The Economist,2001,Nonfiction,Building the Cold War,Annabel Jane Wharton,,
The Economist,2000,Nonfiction,CAN JAPAN COMPETE?,Michael E. Porter,"Hirotaka Takeuchi, Mariko Sakakibara",
The Economist,2001,Nonfiction,Collected Works: A Journal of Jazz 1954-2000,Whitney Balliett,,
The Economist,2001,Nonfiction,Daniel Defoe: Master of Fictions,Maximilian E. Novak,,
The Economist,2000,Nonfiction,DEAR TOM,Tom Courtenay,,
The Economist,2000,Nonfiction,DEMOCRACY IN EUROPE,Larry Siedentop,,
The Economist,2001,Nonfiction,Divided Jerusalem: The Struggle for the Holy City,Bernard Wasserstein,,
The Economist,2001,Nonfiction,"Economic Sentiments: Adam Smith, Condorcet, and the Enlightenment",Emma Rothschild,,
The Economist,2001,Nonfiction,Endgame in Ireland,Eamonn Mallie,David McKittrick,
The Economist,2000,Nonfiction,ERROL FLYNN: SATAN'S ANGEL,David Bret,,
The Economist,2000,Nonfiction,FATHER AND I,Carlo Gebler,,
The Economist,2000,Nonfiction,FREDERICK THE GREAT,David Fraser,,
The Economist,2000,Nonfiction,"HITLER, 1936-1945: NEMESIS",Ian Kershaw,,
The Economist,2000,Nonfiction,HOMAGE TO GAIA,James Lovelock,,
The Economist,2001,Nonfiction,How to Write the History of the New World,Jorge Cañizares-Esguerra,,
The Economist,2000,Nonfiction,IN THE FOOTSTEPS OF MR KURTZ: LIVING ON THE BRINK OF DISASTER IN THE CONGO,Michela Wrong,,
The Economist,2001,Nonfiction,India's Development Experience: Selected Writings of S. Guhan,S. Guhan,,
The Economist,2000,Nonfiction,IRELAND AND EMPIRE: COLONIAL LEGACIES IN IRISH HISTORY AND CULTURE,Stephen Howe,,
The Economist,2000,Nonfiction,IRRATIONAL EXUBERANCE,Robert J. Shiller,,
The Economist,2000,Nonfiction,"JOHN MAYNARD KEYNES: FIGHTING FOR BRITAIN, 1937-46",Robert Skidelsky,,
The Economist,2000,Nonfiction,LONDON: THE BIOGRAPHY,Peter Ackroyd,,
The Economist,2000,Nonfiction,"LUSTGARTEN, PREUSSEN",Volker Braun,,
The Economist,2001,Nonfiction,Mind the Gaffe,R.L.Trask,,
The Economist,2001,Nonfiction,Natasha: The Biography of Natalie Wood,Suzanne Finstad,,
The Economist,2000,Nonfiction,One Good Turn: a Natural History of the Screwdriver and the Screw,Witold Rybczynski,,
The Economist,2001,Nonfiction,Pleasing Myself,Frank Kermode,,
The Economist,2000,Nonfiction,Prague 1900: Poetry and Ecstasy,Edwin Becker,Roman Prahl,Petr Willich
The Economist,2000,Nonfiction,Prince of Princes: the Life of Potemkin,Simon Sebag Montefiore,,
The Economist,2001,Nonfiction,Sacred Geography,Edward Fox,,
The Economist,2001,Nonfiction,Seabiscuit: An American Legend,Laura Hillenbrand,,
The Economist,2001,Nonfiction,Secret Knowledge: Rediscovering the Lost Techniques of the Old Masters,David Hockney,,
The Economist,2001,Nonfiction,Special Providence: American Foreign Policy and How It Changed the World,Walter Russell Mead,,
The Economist,2001,Nonfiction,Speer: The Final Verdict,Joachim Fest,,
The Economist,2000,Nonfiction,TELECOSM: HOW INFINITE BANDWIDTH WILL REVOLUTIONISE OUR WORLD,George Gilder,,
The Economist,2000,Nonfiction,THE BATTLE,Richard Overy,,
The Economist,2000,Nonfiction,THE CATHOLICS OF ULSTER: A HISTORY,Marianne Elliott,,
The Economist,2001,Nonfiction,"The City of London, Volume IV: A Club No More (1945-2000)",David Kynaston,,
The Economist,2001,Nonfiction,The Coldest March: Scott's Fatal Antarctic Expedition,Susan Solomon,,
The Economist,2001,Nonfiction,The Difference Engine,Doron Swade,,
The Economist,2000,Nonfiction,THE EPHEMERAL MUSEUM: OLD MASTER PAINTINGS AND THE RISE OF THE ART EXHIBITION,Francis Haskell,,
The Economist,2001,Nonfiction,"The First World War, Volume I: To Arms",Hew Strachan,,
The Economist,2000,Nonfiction,The House of Gucci,Sara Gay Forden,,
The Economist,2001,Nonfiction,The Intellectual Life of the British Working Classes,Jonathan Rose,,
The Economist,2001,Nonfiction,The Invention of Clouds: How an Amateur Meteorologist Forged the Language of the Skies,Richard Hamblyn,,
The Economist,2001,Nonfiction,The Irish Story: Telling Tales and Making it Up in Ireland,R.F. Foster,,
The Economist,2000,Nonfiction,THE LETTERS OF KINGSLEY AMIS,Zachary Leader,,
The Economist,2001,Nonfiction,The London Town Garden 1700-1840,Todd Longstaffe-Gowan,,
The Economist,2001,Nonfiction,The Metaphysical Club: A Story of Ideas in America,Louis Menand,,
The Economist,2001,Nonfiction,The Penguin Dictionary of Epigrams,M.J. Cohen,,
The Economist,2001,Nonfiction,Washington,Meg Greenfield,,
The Economist,2012,Nonfiction,"Behind the Beautiful Forevers: Life, Death, and Hope in a Mumbai Undercity",Katherine Boo,,
The Economist,2010,Nonfiction,A World on Fire: An Epic History of Two Nations Divided,Amanda Foreman,,
The Economist,2004,Nonfiction,Chronicles: Volume One,Bob Dylan,,
The Economist,2012,Nonfiction,"Far From the Tree: Parents, Children and the Search for Identity",Andrew Solomon,,
The Economist,2001,Nonfiction,Just Capital,Adair Turner,,
The Economist,2000,Nonfiction,"KARL POPPER: THE FORMATIVE YEARS, 1902-1945",Malachi Haim Hacohen,,
The Economist,2000,Nonfiction,Power and Prosperity: Outgrowing Communist and Capitalist Dictatorships,Mancur Olson,,
The Economist,2006,Nonfiction,The Looming Tower: Al-Qaeda and the Road to 9/11,Lawrence Wright,,
The Economist,2001,Nonfiction,The Skeptical Environmentalist,Bjorn Lomborg,,
The Economist,2001,Nonfiction,Uncle Tungsten: Memories of a Chemical Boyhood,Oliver Sacks,,
The Economist,2002,Philosophy,The Blank Slate: The Modern Denial of Human Nature,Steven Pinker,,
The Economist,2001,Poetry,A Responsibility to Awe,Rebecca Elson,,
The Economist,2011,Poetry,Australian Poetry Since 1788,Geoffrey Lehmann,Robert Gray,
The Economist,2002,Poetry,Belonging,Dick Davis,,
The Economist,2011,Poetry,Clavics,Geoffrey Hill,,
The Economist,2001,Poetry,Electric Light,Seamus Heaney,,
The Economist,2002,Poetry,Finders Keepers: Selected Prose 1971-2001,Seamus Heaney,,
The Economist,2010,Poetry,Human chain,Seamus Heaney,,
The Economist,2002,Poetry,"If Not, Winter: Fragments of Sappho",Anne Carson,,
The Economist,2011,Poetry,Memorial,Alice Oswald,,
The Economist,2001,Poetry,Poems: 1968-1998,Paul Muldoon,,
The Economist,2010,Poetry,White Egrets: Poems,Derek Walcott,,
The Economist,2008,Politics and Current Affairs,A Choice of Enemies: America Confronts the Middle East,Lawrence Freedman,,
The Economist,2003,Politics and Current Affairs,America Unbound: The Bush Revolution in Foreign Policy,Ivo H. Daalder,James M. Lindsay,
The Economist,2004,Politics and Current Affairs,"American Dream: Three Women, Ten Kids, and a Nation's Drive to End Welfare",Jason DeParle,,
The Economist,2007,Politics and Current Affairs,Arsenals of Folly: The Making of the Nuclear Arms Race,Richard Rhodes,,
The Economist,2008,Politics and Current Affairs,Britain Since 1918: The Strange Career of British Democracy,David Marquand,,
The Economist,2011,Politics and Current Affairs,Cables from Kabul: The Inside Story of the West's Afghanistan Campaign,Sherard Cowper-Coles,,
The Economist,2004,Politics and Current Affairs,Chain of Command: The Road from 9/11 to Abu Ghraib,Seymour M. Hersh,,
The Economist,2006,Politics and Current Affairs,China Shakes the World: A Titan's Rise and Troubled Future-and the Challenge for America ,James Kynge,,
The Economist,2010,Politics and Current Affairs,Country Driving: A Journey Through China from Farm to Factory,Peter Hessler,,
The Economist,2010,Politics and Current Affairs,"Curfewed Night: One Kashmiri Journalist's Frontline Account of Life, Love and War in his Homeland",Basharat Peer,,
The Economist,2011,Politics and Current Affairs,Dancing in the Glory of Monsters: The Collapse of the Congo and the Great War of Africa,Jason Stearns,,
The Economist,2006,Politics and Current Affairs,Dangerous Nation: America's Place in the World from its Earliest Days to the Dawn of the Twentieth Century ,Robert Kagan,,
The Economist,2012,Politics and Current Affairs,Days of God: The Revolution in Iran and its Consequences,James Buchanan,,
The Economist,2009,Politics and Current Affairs,Desperate Glory: At War in Helmand with Britain's 16 Air Assault Brigade,Sam Kiley,,
The Economist,2008,Politics and Current Affairs,Dinner with Mugabe: The Untold Story of a Freedom Fighter Who Became a Tyrant,Heidi Holland,,
The Economist,2011,Politics and Current Affairs,Exceptional People: How Migration Shaped Our World and Will Define Our Future,Ian Goldin,Geoffrey Cameron,Meera Balarajan
The Economist,2012,Politics and Current Affairs,From the Ruins of Empire: The Intellectuals Who Remade Asia,Pankaj Mishra,,
The Economist,2010,Politics and Current Affairs,"Game Change: Obama and the Clintons, McCain and Palin, and the Race of a Lifetime",John Heilemann,Mark Halperin,
The Economist,2007,Politics and Current Affairs,Gomorrah: A Personal Journey into the Violent International Empire of Naples' Organized Crime System,Roberto Saviano,,
The Economist,2006,Politics and Current Affairs,Guantánamo and the Abuse of Presidential Power ,Joseph Margulies,,
The Economist,2010,Politics and Current Affairs,he Bridge: The Life and Rise of Barack Obama,David Remnick,,
The Economist,2007,Politics and Current Affairs,"How Capitalism Was Built: The Transformation of Central and Eastern Europe, Russia, and Central Asia",Anders Aslund,,
The Economist,2005,Politics and Current Affairs,I Didn't Do It For You: How the World Betrayed a Small African Nation,Michela Wrong,,
The Economist,2006,Politics and Current Affairs,In Spite of the Gods: The Rise of Modern India ,Edward Luce,,
The Economist,2005,Politics and Current Affairs,In the Shadow of Swords: How Islamic Terrorists Declared War on Australia,Sally Neighbour,,
The Economist,2007,Politics and Current Affairs,India after Gandhi: The History of the World's Largest Democracy,Ramachandra Guha,,
The Economist,2008,Politics and Current Affairs,India: The Emerging Giant,Arvind Panagariya,,
The Economist,2009,Politics and Current Affairs,It's Our Turn to Eat: The Story of a Kenyan Whistleblower,Michela Wrong,,
The Economist,2002,Politics and Current Affairs,Jihad: The Trail of Political Islam,Gilles Kepel,,
The Economist,2008,Politics and Current Affairs,Law and the Long War: The Future of Justice in the Age of Terror,Benjamin Wittes,,
The Economist,2010,Politics and Current Affairs,Molotov's Magic Lantern: A Journey in Russian History,Rachel Polonsky,,
The Economist,2005,Politics and Current Affairs,Night Draws Near: Iraq's People in the Shadow of America's War,Anthony Shadid,,
The Economist,2011,Politics and Current Affairs,Pakistan: a Hard Country,Anatol Lieven,,
The Economist,2004,Politics and Current Affairs,Plan of Attack,Bob Woodward,,
The Economist,2005,Politics and Current Affairs,Radicals in Robes: Why Extreme Right-Wing Courts are Wrong for America,Cass R. Sunstein,,
The Economist,2003,Politics and Current Affairs,"Random Family: Love, Drugs, Trouble, and Coming of Age in the Bronx",Adrian Nicole LeBlanc,,
The Economist,2011,Politics and Current Affairs,Red Capitalism: The Fragile Financial Foundation of China's Extraordinary Rise,Carl Walter,Fraser Howie,
The Economist,2003,Politics and Current Affairs,Rogue Nation: American Unilateralism and the Failure of Good Intentions,Clyde Prestowitz,,
The Economist,2006,Politics and Current Affairs,"Sacred Causes: The Clash of Religion and Politics, from the Great War to the War on Terror ",Michael Burleigh,,
The Economist,2006,Politics and Current Affairs,Seize the Hour: When Nixon Met Mao ,Margaret MacMillan,,
The Economist,2005,Politics and Current Affairs,Setting the People Free: The Story of Democracy,John Dunn,,
The Economist,2004,Politics and Current Affairs,"Surprise, Security, and the American Experience",John Lewis Gaddis,,
The Economist,2004,Politics and Current Affairs,The 9/11 Commission Report: Final Report of the National Commission on Terrorist Attacks Upon the United States,Thomas Kean,National Commission on Terrorist Attacks Upon the United States,
The Economist,2011,Politics and Current Affairs,The 9/11 Wars,Jason Burke,,
The Economist,2009,Politics and Current Affairs,The Accidental Guerrilla: Fighting Small Wars in the Midst of a Big One,David Kilcullen,,
The Economist,2007,Politics and Current Affairs,The Art of Political Murder: Who Killed the Bishop?,Francisco Goldman,,
The Economist,2007,Politics and Current Affairs,The Atomic Bazaar: The Rise of the Nuclear Poor,William Langewiesche,,
The Economist,2003,Politics and Current Affairs,The Contradictions of American Capital Punishment,Franklin E. Zimring,,
The Economist,2009,Politics and Current Affairs,The Crisis of Islamic Civilisation,Ali A. Allawi,,
The Economist,2007,Politics and Current Affairs,The Eight O'Clock Ferry to the Windward Side: Seeking Justice in Guantanamo Bay,Clive Stafford Smith,,
The Economist,2002,Politics and Current Affairs,The Emerging Democratic Majority,John B. Judis, Ruy Teixeira,
The Economist,2008,Politics and Current Affairs,The Fall and Rise of the Islamic State,Noah Feldman,,
The Economist,2010,Politics and Current Affairs,The Fear: The Last Days of Robert Mugabe,Peter Godwin,,
The Economist,2009,Politics and Current Affairs,The Idea of Justice,Amartya Sen,,
The Economist,2012,Politics and Current Affairs,The Immigrant Exodus: Why America is Losing the Global Race to Capture Entrepreneurial Talent,Vivek Wadhwa,,
The Economist,2006,Politics and Current Affairs,The J Curve: A New Way to Understand Why Nations Rise and Fall ,Ian Bremmer,,
The Economist,2012,Politics and Current Affairs,The New New Deal: The Hidden Story of Change in the Obama Era,Michael Grunwald,,
The Economist,2006,Politics and Current Affairs,The One Percent Doctrine: Deep Inside America's Pursuit of its Enemies Since 9/11 ,Ron Suskind,,
The Economist,2002,Politics and Current Affairs,The Paradox of American Power: Why the World's Only Superpower Can't Go It Alone,Joseph S. Nye,,
The Economist,2010,Politics and Current Affairs,The Party: The Secret World of China's Communist Rulers,Richard McGregor,,
The Economist,2010,Politics and Current Affairs,The Pinch: How the Baby Boomers Took Their Children's Future—and Why They Should Give it Back,David Willetts,,
The Economist,2002,Politics and Current Affairs,The Rise of Southern Republicans,Earl Black ,Merle Black,
The Economist,2010,Politics and Current Affairs,The Rule of Law,Tom Bingham,,
The Economist,2002,Politics and Current Affairs,"The Shield of Achilles: War, Peace and the Course of History",Philip Bobbitt,,
The Economist,2009,Politics and Current Affairs,The Silence and the Scorpion: The Coup Against Chávez and the Making of Modern Venezuela,Brian A. Nelson,,
The Economist,2002,Politics and Current Affairs,The Threatening Storm: The Case for Invading Iraq,Kenneth M. Pollack,,
The Economist,2008,Politics and Current Affairs,The Three Trillion Dollar War: The True Cost of the Iraq Conflict,Joseph E. Stiglitz,Linda J. Bilmes,
The Economist,2006,Politics and Current Affairs,The Trouble with Africa: Why Foreign Aid Isn't Working ,Robert Calderisi,,
The Economist,2010,Politics and Current Affairs,The Watchers: The Rise of America's Surveillance State, Shane Harris,,
The Economist,2003,Politics and Current Affairs,"The Zanzibar Chest: A Story of Life, Love, and Death in Foreign Lands",Aidan Hartley,,
The Economist,2007,Politics and Current Affairs,Through the Darkness: A Life in Zimbabwe,Judith Garfield Todd,,
The Economist,2011,Politics and Current Affairs,Tide Players: The Movers and Shakers of a Rising China,Jianying Zha,,
The Economist,2006,Politics and Current Affairs,White Man's Burden: Why the West's Efforts to Aid the Rest Have Done So Much Ill and So Little Good ,William Easterly,,
The Economist,2003,Politics and Current Affairs,World on Fire: How Exporting Free Market Democracy Breeds Ethnic Hatred and Global Instability,Amy Chua,,
The Economist,2009,Science and Technology,Catching Fire: How Cooking Made Us Human,Richard Wrangham,,
The Economist,2009,Science and Technology,Remarkable Creatures: Epic Adventures in the Search for the Origin of Species,Sean B. Carroll,,
The Economist,2009,Science and Technology,"The Strangest Man: The Hidden Life of Paul Dirac, Mystic of the Atom",Graham Farmelo,,
The Economist,2009,Science and Technology,"Why We Disagree About Climate Change: Understanding Controversy, Inaction and Opportunity",Mike Hulme,,
The Economist,2010,Science and Technology,"A Vast Machine: Computer Models, Climate Data, and the Politics of Global Warming",Paul Edwards,,
The Economist,2004,Science and Technology,Backroom Boys: The Secret Return of the British Boffin,Francis Spufford.,,
The Economist,2012,Science and Technology,Bad Pharma,Ben Goldacre,,
The Economist,2008,Science and Technology,Bad Science,Ben Goldacre,,
The Economist,2010,Science and Technology,"Biology is Technology: The Promise, Peril, and New Business of Engineering Life",Rob Carlson,,
The Economist,2005,Science and Technology,Collapse: How Societies Choose to Fail or Survive,Jared Diamond,,
The Economist,2005,Science and Technology,"Dr Peter Scardino's Prostate Book: The Complete Guide to Overcoming Prostate Cancer, Prostatitis, and BPH",Peter T. Scardino,Judith Kelman,
The Economist,2004,Science and Technology,Earth: An Intimate History,Richard Fortey,,
The Economist,2003,Science and Technology,Eating Apes,Dale Peterson,,
The Economist,2003,Science and Technology,Einstein's Clocks and Poincaré's Maps: Empires of Time,Peter Galison,,
The Economist,2008,Science and Technology,Fatal Misconception: The Struggle to Control World Population,Matthew Connelly,,
The Economist,2008,Science and Technology,Gang Leader for a Day: A Rogue Sociologist Takes to the Streets,Sudhir Venkatesh,,
The Economist,2011,Science and Technology,Global Warming Gridlock: Creating More Effective Strategies for Protecting the Planet,David Victor,,
The Economist,2012,Science and Technology,"Signal and the Noise: Why Most Predictions Fail but Some Don’t, The",Nate Silver,,
The Economist,2004,Science and Technology,Jacquard's Web: How a Hand Loom Led to the Birth of the Information Age,James Essinger,,
The Economist,2003,Science and Technology,"Nature via Nurture: Genes, Experience and What Makes Us Human",Matt Ridley,,
The Economist,2008,Science and Technology,"Nudge: Improving Decisions About Health, Wealth, and Happiness",Richard H. Thaler,Cass R. Sunstein,
The Economist,2012,Science and Technology,Ocean of Life: The Fate of Man and the Sea,Callum Roberts,,
The Economist,2005,Science and Technology,"Parallel Worlds: A Journey Through Creation, Higher Dimensions, and the Future of the Cosmos",Michio Kaku,,
The Economist,2005,Science and Technology,"Power, Sex, Suicide: Mitochondria and the Meaning of Life",Nick Lane,,
The Economist,2002,Science and Technology,Project Orion: The True Story of the Atomic Spaceship, George Dyson,,
The Economist,2011,Science and Technology,Revolutions that Made the Earth,Tim Lenton,Andrew Watson,
The Economist,2012,Science and Technology,Spillover: Animal Infections and the Next Human Pandemic,David Quammen,,
The Economist,2011,Science and Technology,The Beginning of Infinity: Explanations That Transform the World,David Deutsch,,
The Economist,2008,Science and Technology,The Big Necessity: The Unmentionable World of Human Waste and Why It Matters,Rose George,,
The Economist,2010,Science and Technology,The Emperor of All Maladies: A Biography of Cancer,Siddhartha Mukherjee,,
The Economist,2004,Science and Technology,The End of the Line: How Over-Fishing is Changing the World and What We Eat,Charles Clover,,
The Economist,2004,Science and Technology,The Genome War: How Craig Venter Tried to Capture the Code of Life and Save the World,Jim Shreeve,,
The Economist,2002,Science and Technology,The Glass Bathyscaphe: Glass and World History,Alan Macfarlane,Gerry Martin,
The Economist,2006,Science and Technology,The God Delusion ,Richard Dawkins,,
The Economist,2011,Science and Technology,The God Species: Saving the Planet in the Age of Humans,Mark Lynas,,
The Economist,2011,Science and Technology,"The Information: A History, a Theory, a Flood",James Gleick,,
The Economist,2002,Science and Technology,The Lunar Men: Five Friends Whose Curiosity Changed the World,Jenny Uglow,,
The Economist,2002,Science and Technology,The Man Who Lost His Language,Sheila Hale,,
The Economist,2002,Science and Technology,The Measure of All Things: The Seven-Year Odyssey and Hidden Error that Transformed the World,Ken Alder.,,
The Economist,2003,Science and Technology,The Music of the Primes: Searching to Solve the Greatest Mystery in Mathematics,Marcus du Sautoy,,
The Economist,2008,Science and Technology,The Princeton Companion to Mathematics,Timothy Gowers,June Barrow-Green,Imre Leader
The Economist,2011,Science and Technology,The Quantum Universe: Everything That Can Happen Does Happen,Brian Cox,Jeff Forshaw,
The Economist,2010,Science and Technology,The Rational Optimist: How Prosperity Evolves,Matt Ridley,,
The Economist,2006,Science and Technology,The Revenge of Gaia: Earth's Climate Crisis and the Fate of Humanity,James Lovelock,,
The Economist,2008,Science and Technology,"The Sun and the Moon: The Remarkable True Account of Hoaxers, Showmen, Duelling Journalists, and Lunar Man-Bats in Nineteenth-Century New York",Matthew Goodman,,
The Economist,2006,Science and Technology,"The Trouble with Physics: The Rise of String Theory, the Fall of a Science, and What Comes Next",Lee Smolin,,
The Economist,2005,Science and Technology,The Weather Makers: The History & Future Impact of Climate Change,Tim Flannery,,
The Economist,2010,Science and Technology,What Technology Wants,Kevin Kelly,,
The Economist,2010,Science and Technology,Where Good Ideas Come From: The Natural History of Innovation,Steven Johnson,,
Man Booker Prize ,2012,Fiction,Bring up the Bodies,Hilary Mantel,,
Man Booker Prize ,2008,Fiction,A Fraction of the Whole,Steve Toltz,,
Man Booker Prize ,2003,Fiction,Brick Lane,Monica Ali,,
Man Booker Prize ,2002,Fiction,Dirt Music,Tim Winton,,
Man Booker Prize ,2002,Fiction,Family Matters,Rohinton Mistry,,
Man Booker Prize ,2004,Fiction,Cloud Atlas,David Mitchell,,
Man Booker Prize ,2005,Fiction,A Long Long Way,Sebastian Barry,,
Man Booker Prize ,2007,Fiction,Mister Pip,Lloyd Jones,,
Man Booker Prize ,2005,Fiction,On Beauty,Zadie Smith,,
Man Booker Prize ,2007,Fiction,On Chesil Beach,Ian McEwan,,
Man Booker Prize ,2010,Fiction,Parrot and Olivier in America,Peter Carey,,
Man Booker Prize ,2010,Fiction,Room ,Emma Donoghue,,
Man Booker Prize ,2012,Fiction,The Garden of Evening Mists,Tan Twan Eng,,
Man Booker Prize ,2009,Fiction,The Glass Room,Simon Mawer,,
Man Booker Prize ,2004,Fiction,The Line of Beauty,Alan Hollinghurst,,
Man Booker Prize ,2009,Fiction,The Little Stranger,Sarah Waters,,
Man Booker Prize ,2004,Fiction,The Master,Colm Toibin,,
Man Booker Prize ,2008,Fiction,The Secret Scripture,Sebastian Barry,,
Man Booker Prize ,2009,Fiction,Wolf Hall,Hilary Mantel,,
Man Booker Prize ,2007,,Animal’s People,Indra Sinha,,
Man Booker Prize ,2005,,Arthur and George,Julian Barnes,,
Man Booker Prize ,2003,,Astonishing Splashes of Colour,Clare Morrall,,
Man Booker Prize ,2004,,Bitter Fruit,Achmat Dangor,,
Man Booker Prize ,2010,,C,Tom McCarthy,,
Man Booker Prize ,2006,,Carry Me Down,M. J. Hyland,,
Man Booker Prize ,2003,,D B C Pierre,Vernon God Little,,
Man Booker Prize ,2007,,Darkmans,Nicola Barker,,
Man Booker Prize ,2002,,Fingersmith,Sarah Waters,,
Man Booker Prize ,2011,,Half Blood Blues,Esi Edugyan,,
Man Booker Prize ,2004,,I’ll Go To Bed At Noon,Gerard Woodward,,
Man Booker Prize ,2010,,In a Strange Room,Damon Galgut,,
Man Booker Prize ,2006,,In The Country of Men,Hisham Matar,,
Man Booker Prize ,2011,,Jamrach’s Menagerie,Carol Birch,,
Man Booker Prize ,2002,,Life of Pi,Yann Martel,,
Man Booker Prize ,2006,,Mother’s Milk,Edward St Aubyn,,
Man Booker Prize ,2012,,Narcopolis,Jeet Thayil,,
Man Booker Prize ,2005,,Never Let Me Go,Kazuo Ishiguro,,
Man Booker Prize ,2003,,Notes on a Scandal,Zöe Heller,,
Man Booker Prize ,2003,,Oryx and Crake,Margaret Atwood,,
Man Booker Prize ,2011,,Pigeon English,Stephen Kelman,,
Man Booker Prize ,2008,,Sea of Poppies: A Novel, Amitav Ghosh,,
Man Booker Prize ,2011,,Snowdrops,A.D. Miller,,
Man Booker Prize ,2009,,Summertime,J. M. Coetzee,,
Man Booker Prize ,2012,,Swimming Home,Deborah Levy,,
Man Booker Prize ,2005,,The Accidental,Ali Smith,,
Man Booker Prize ,2009,,The Children's Book,A. S. Byatt,,
Man Booker Prize ,2008,,The Clothes on Their Backs,Linda Grant,,
Man Booker Prize ,2004,,The Electric Michelangelo,Sarah Hall,,
Man Booker Prize ,2010,,The Finkler,Howard Jacobson,,
Man Booker Prize ,2007,,The Gathering,Anne Enright,,
Man Booker Prize ,2003,,The Good Doctor,Damon Galgut,,
Man Booker Prize ,2006,,The Inheritance of Loss,Kiran Desai,,
Man Booker Prize ,2012,,The Lighthouse,Alison Moore,,
Man Booker Prize ,2010,,The Long Song,Andrea Levy,,
Man Booker Prize ,2006,,The Night Watch,Sarah Waters,,
Man Booker Prize ,2008,,The Northen Clemency,Philip Hensher,,
Man Booker Prize ,2009,,The Quickening Maze,Adam Foulds,,
Man Booker Prize ,2007,,The Reluctant Fundamentalist,Mohsin Hamid,,
Man Booker Prize ,2005,,The Sea,John Banville,,
Man Booker Prize ,2006,,The Secret River,Kate Grenville,,
Man Booker Prize ,2011,,The Sense of an Ending,Julian Barnes,,
Man Booker Prize ,2011,,The Sisters Brothers,Patrick deWitt,,
Man Booker Prize ,2002,,The Story of Lucy Gault,William Trevor,,
Man Booker Prize ,2008,,The White Tiger,Aravind Adiga,,
Man Booker Prize ,2012,,Umbrella,Will Self,,
Man Booker Prize ,2002,,Unless,Carol Shields,,
National Book Award,2002,Nonfiction,Master of the Senate: The Years of Lyndon Johnson,Robert A. Caro,,
National Book Award,2012,Nonfiction,"The Passage of Power: The Years of Lyndon Johnson, Volume 4",Robert A. Caro,,
National Book Award,2000,Fiction,Blonde,Joyce Carol Oates ,,
National Book Award,2003,Fiction,Drop City,T.C. Boyle ,,
National Book Award,2005,Fiction,Europe Central,William T. Vollmann,,
National Book Award,2003,Fiction,Evidence of Things Unseen,Marianne Wiggins,,
National Book Award,2010,Fiction,Great House,Nicole Krauss,,
National Book Award,2008,Fiction,The Lazarus Project,Aleksandar Hemon,,
National Book Award,2005,Fiction,Holy Skirts,Rene Steinke,,
National Book Award,2010,Fiction,I Hotel ,Karen Tei Yamashita,,
National Book Award,2007,Nonfiction,Legacy of Ashes: The History of the CIA,Tim Weiner,,
National Book Award,2012,Nonfiction,"Iron Curtain: The Crushing of Eastern Europe, 1944-56",Anne Applebaum,,
National Book Award,2005,Nonfiction,Bury the Chains: Prophets and Rebels in the Fight to Free an Empire’s Slaves ,Adam Hochschild,,
National Book Award,2003,Nonfiction,Gulag: A History,Anne Applebaum ,,
National Book Award,2007,Fiction,Fieldwork,Mischa Berlinski,,
National Book Award,2006,Fiction,A Disorder Peculiar to the Country,Ken Kalfus,,
National Book Award,2012,Fiction,A Hologram for the King,Dave Eggers,,
National Book Award,2002,Fiction,Big If,Mark Costello,,
National Book Award,2000,Fiction,Blue Angel ,Francine Prose,,
National Book Award,2006,Fiction,Eat the Document ,Dana Spiotta,,
National Book Award,2004,Fiction,Florida,Christine Schutt,,
National Book Award,2002,Fiction,Gorgeous Lies,Martha McPhee,,
National Book Award,2001,Fiction,Highwire Moon ,Susan Straight ,,
National Book Award,2008,Fiction,Home,Marilynne Robinson,,
National Book Award,2008,Nonfiction,The Dark Side: The Inside Story of How the War on Terror Turned into a War on American Ideals,Jane Mayer,,
National Book Award,2003,Fiction,A Ship Made of Paper,Scott Spencer,,
National Book Award,2009,Fiction,Far North,Marcel Theroux,,
National Book Award,2009,Fiction,American Salvage,Bonnie Jo Campbell,,
National Book Award,2001,Fiction,Among the Missing,Dan Chaon,,
National Book Award,2011,Fiction,Binocular Vision ,Edith Pearlman,,
National Book Award,2004,Fiction,Ideas of Heaven: A Ring of Stories,Joan Silber ,,
National Book Award,2012,Fiction,Billy Lynn's Long Halftime Walk,Ben Fountain,,
National Book Award,2000,Fiction,In America,Susan Sontag,,
National Book Award,2009,Fiction,"In Other Rooms, Other Wonders ",Daniyal Mueenuddin,,
National Book Award,2009,Fiction,Lark and Termite,Jayne Anne Phillips,,
National Book Award,2009,Fiction,Let the Great World Spin,Colum McCann,,
National Book Award,2007,Fiction,"Like You’d Understand, Anyway",Jim Shepard,,
National Book Award,2001,Fiction,Look at Me,Jennifer Egan,,
National Book Award,2010,Fiction,Lord of Misrule,Jaimy Gordon,,
National Book Award,2004,Fiction,Madeleine is Sleeping,Sarah Shun-lien Bynum,,
National Book Award,2006,Fiction,Only Revolutions,Mark Z. Danielewski,,
National Book Award,2004,Fiction,Our Kind,Kate Walbert,,
National Book Award,2010,Fiction,Parrot and Olivier in America,Peter Carey,,
National Book Award,2011,Fiction,Salvage the Bones ,Jesmyn Ward,,
National Book Award,2008,Fiction,Shadow Country,Peter Matthiessen,,
National Book Award,2010,Fiction,So Much for That ,Lionel Shriver,,
National Book Award,2008,Fiction,Telex from Cuba,Rachel Kushner,,
National Book Award,2011,Fiction,The Buddha in the Attic,Julie Otsuka,,
National Book Award,2001,Fiction,The Corrections,Jonathan Franzen,,
National Book Award,2000,Fiction,The Diagnosis,Alan Lightman,,
National Book Award,2006,Fiction,The Echo Maker ,Richard Powers,,
National Book Award,2008,Fiction,The End,Salvatore Scibona,,
National Book Award,2000,Fiction,The Feast of Love,Charles Baxter ,,
National Book Award,2003,Fiction,The Great Fire,Shirley Hazzard,,
National Book Award,2002,Fiction,The Heaven of Mercury,Brad Watson,,
National Book Award,2003,Fiction,The Known World,Edward P. Jones ,,
National Book Award,2001,Fiction,The Last Report on the Miracle at Little No Horse,Louise Erdrich,,
National Book Award,2005,Fiction,The March,E.L. Doctorow,,
National Book Award,2004,Fiction,The News from Paraguay ,Lily Tuck,,
National Book Award,2012,Fiction,The Round House,Louise Erdrich,,
National Book Award,2011,Fiction,The Sojourn,Andrew Krivak,,
National Book Award,2011,Fiction,The Tiger's Wife,Tea Obreht,,
National Book Award,2012,Fiction,The Yellow Birds,Kevin Powers,,
National Book Award,2006,Fiction,The Zero ,Jess Walter,,
National Book Award,2007,Fiction,Then We Came to the End ,Joshua Ferris,,
National Book Award,2012,Fiction,This is How You Lose Her,Junot Diaz,,
National Book Award,2002,Fiction,Three Junes,Julia Glass,,
National Book Award,2005,Fiction,Trance,Christopher Sorrentino,,
National Book Award,2007,Fiction,Tree of Smoke,Denis Johnson,,
National Book Award,2007,Fiction,Varieties of Disturbance ,Lydia Davis,,
National Book Award,2005,Fiction,Veronica,Mary Gaitskill,,
National Book Award,2002,Fiction,You Are Not a Stranger Here,Adam Haslett,,
National Book Award,2012,Nonfiction,"Behind the Beautiful Forevers: Life, Death, and Hope in a Mumbai Undercity",Katherine Boo,,
National Book Award,2012,Nonfiction,"House of Stone: A Memoir of Home, Family, and a Lost Middle East",Anthony Shadid,,
National Book Award,2012,Nonfiction,The Boy Kings of Texas,Domingo Martinez,,
National Book Award,2005,Nonfiction,102 Minutes: The Untold Story of the Fight to Survive Inside the Twin Towers ,Jim Dwyer,Kevin Flynn,
National Book Award,2001,Nonfiction,"American Chica: Two Worlds, One Childhood",Marie Arana,,
National Book Award,2004,Nonfiction,"Arc of Justice: A Saga of Race, Civil Rights, and Murder in the Jazz Age",Kevin Boyle,,
National Book Award,2006,Nonfiction,"At Canaan’s Edge: America in the King Years, 1965-68",Taylor Branch,,
National Book Award,2007,Nonfiction,"Brother, I’m Dying",Edwidge Danticat,,
National Book Award,2002,Nonfiction,Complications: A Surgeon’s Notes on an Imperfect Science,Atul Gawande,,
National Book Award,2010,Nonfiction,"Cultures of War: Pearl Harbor, Hiroshima, 9-11, Iraq",John W. Dower,,
National Book Award,2000,Nonfiction,Darkness in El Dorado: How Scientists and Journalists Devastated the Amazon,Patrick Tierney,,
National Book Award,2010,Nonfiction,Every Man in This Village Is a Liar: An Education in War,Megan K. Stack,,
National Book Award,2008,Nonfiction,Final Salute: A Story of Unfinished Lives,Jim Sheeler,,
National Book Award,2009,Nonfiction,Following the Water: A Hydromancer's Notebook ,David M. Carroll,,
National Book Award,2009,Nonfiction,Fordlandia: The Rise and Fall of Henry Ford's Forgotten Jungle City,Greg Grandin,,
National Book Award,2000,Nonfiction,"From Dawn to Decadence: 500 Years of Western Cultural Life, 1500 to the Present",Jacques Barzun,,
National Book Award,2007,Nonfiction,God Is Not Great: How Religion Poisons Everything,Christopher Hitchens,,
National Book Award,2009,Nonfiction,"he Poison King: The Life and Legend of Mithradates, Rome's Deadliest Enemy ",Adrienne Mayor,,
National Book Award,2006,Nonfiction,Imperial Life in the Emerald City: Inside Iraq’s Green Zone,Rajiv Chandrasekaran,,
National Book Award,2000,Nonfiction,In the Heart of the Sea: The Tragedy of the Whaleship Essex,Nathaniel Philbrick,,
National Book Award,2005,Nonfiction,Jean-Jacques Rousseau: Restless Genius,Leo Damrosch,,
National Book Award,2010,Nonfiction,Just Kids,Patti Smith,,
National Book Award,2004,Nonfiction,Life on the Outside: The Prison Odyssey of Elaine Bartlett,Jennifer Gonnerman,,
National Book Award,2003,Nonfiction,Lost Prophet: The Life and Times of Bayard Rustin,John D'Emilio ,,
National Book Award,2011,Nonfiction,Love and Capital: Karl and Jenny Marx and the Birth of a Revolution,Mary Gabriel,,
National Book Award,2011,Nonfiction,Malcolm X: A Life of Reinvention,Manning Marable,,
National Book Award,2002,Nonfiction,Mapping Human History: Discovering the Past through Our Genes,Steve Olson,,
National Book Award,2001,Nonfiction,My Story as Told by Water,David James Duncan,,
National Book Award,2001,Nonfiction,"Neighbors: The Destruction of the Jewish Community in Jedwabne, Poland",Jan T. Gross,,
National Book Award,2010,Nonfiction,Nothing to Envy: Ordinary Lives in North Korea,Barbara Demick,,
National Book Award,2006,Nonfiction,Oracle Bones: A Journey Between China’s Past and Present ,Peter Hessler,,
National Book Award,2005,Nonfiction,Out of Eden: An Odyssey of Ecological Invasion ,Alan Burdick,,
National Book Award,2011,Nonfiction,"Radioactive: Marie & Pierre Curie, A Tale of Love and Fallout ",Lauren Redniss,,
National Book Award,2007,Nonfiction,Ralph Ellison: A Biography ,Arnold Rampersad,,
National Book Award,2009,Nonfiction,Remarkable Creatures: Epic Adventures in the Search for the Origins of Species,Sean B. Carroll,,
National Book Award,2010,Nonfiction,Secret Historian: The Life and Times of Samuel Steward,Justin Spring,,
National Book Award,2004,Nonfiction,The 9/11 Commission Report: Final Report of the National Commission on Terrorist Attacks upon the United States- Authorized Edition,Thomas Kean,National Commission on Terrorist Attacks Upon the United States,
National Book Award,2003,Nonfiction,The Big House: A Century in the Life of an American Summer Home,George Howe Colt ,,
National Book Award,2000,Nonfiction,The Collaborator: The Trial and Execution of Robert Brasillach,Alice Kaplan,,
National Book Award,2011,Nonfiction,The Convert: A Tale of Exile and Extremism,Deborah Baker,,
National Book Award,2003,Nonfiction,"The Devil in the White City: Murder, Magic, and Madness at the Fair that Changed America",Erik Larson ,,
National Book Award,2009,Nonfiction,The First Tycoon: The Epic Life of Cornelius Vanderbilt ,T.J. Stiles,,
National Book Award,2008,Nonfiction,The Hemingses of Monticello: An American Family,Annette Gordon-Reed,,
National Book Award,2002,Nonfiction,The Last American Man,Elizabeth Gilbert,,
National Book Award,2006,Nonfiction,The Looming Tower: Al-Qaeda and the Road to 9/11,Lawrence Wright,,
National Book Award,2001,Nonfiction,The Lost Children of Wilder: The Epic Struggle to Change Foster Care,Nina Bernstein,,
National Book Award,2001,Nonfiction,The Noonday Demon: An Atlas of Depression ,Andrew Solomon,,
National Book Award,2008,Nonfiction,The Suicide Index: Putting My Father’s Death in Order,Joan Wickersham,,
National Book Award,2011,Nonfiction,The Swerve: How the World Became Modern,Stephen Greenblatt,,
National Book Award,2006,Nonfiction,The Worst Hard Time: The Untold Story of Those Who Survived the Great American Dust Bowl ,Timothy Egan,,
National Book Award,2005,Nonfiction,The Year of Magical Thinking,Joan Didion,,
National Book Award,2008,Nonfiction,This Republic of Suffering: Death and the American Civil War,Drew Gilpin Faust,,
National Book Award,2007,Nonfiction,Unruly Americans and the Origins of the Constitution,Woody Holton,,
National Book Award,2000,Nonfiction,"W.E.B. Du Bois: The Fight for Equality and the American Century, 1919-1963",David Levering Lewis,,
National Book Award,2003,Nonfiction,Waiting for Snow in Havana: Confessions of a Cuban Boy ,Carlos Eire,,
National Book Award,2004,Nonfiction,Washington’s Crossing,David Hackett Fischer ,,
National Book Award,2002,Nonfiction,When Smoke Ran Like Water: Tales of Environmental Deception and the Battle Against Pollution,Devra Davis ,,
National Book Award,2004,Nonfiction,Will in the World: How Shakespeare Became Shakespeare,Stephen Greenblatt ,,
National Book Award,2000,Poetry,A New Selected Poems,Galway Kinnell,,
National Book Award,2006,Poetry,Angle of Yaw ,Ben Lerner,,
National Book Award,2006,Poetry,Averno ,Louise Glück,,
National Book Award,2012,Poetry,Bewilderment: New Poems and Translations ,David Ferry,,
National Book Award,2000,Poetry,Blessing the Boats: New and Selected Poems 1988-2000,Lucille Clifton,,
National Book Award,2008,Poetry,Blood Dazzler ,Patricia Smith,,
National Book Award,2001,Poetry,Brutal Imagination,Cornelius Eady,,
National Book Award,2010,Poetry,By the Numbers,James Richardson,,
National Book Award,2006,Poetry,Capacity,James McMichael,,
National Book Award,2006,Poetry,Chromatic ,H.L. Hix,,
National Book Award,2004,Poetry,Collected Poems,Donald Justice,,
National Book Award,2008,Poetry,Creatures of a Day ,Reginald Gibbons,,
National Book Award,2011,Poetry,Devotions ,Bruce Smith,,
National Book Award,2004,Poetry,"Door in the Mountain: New and Collected Poems, 1965-2003 ",Jean Valentine,,
National Book Award,2011,Poetry,Double Shadow,Carl Phillips,,
National Book Award,2012,Poetry,Fast Animal,Tim Seibles,,
National Book Award,2008,Poetry,Fire to Fire: New and Selected Poems ,Mark Doty,,
National Book Award,2004,Poetry,Goest,Cole Swensen,,
National Book Award,2005,Poetry,"Habitat: New and Selected Poems, 1965-2005 ",Brendan Galvin,,
National Book Award,2011,Poetry,Head Off & Split,Nikky Finney,,
National Book Award,2012,Poetry,Heavenly Bodies,Cynthia Huntington,,
National Book Award,2010,Poetry,Ignatz ,Monica Youn,,
National Book Award,2002,Poetry,In the Next Galaxy,Ruth Stone,,
National Book Award,2003,Poetry,Jelly Roll: A Blues,Kevin Young,,
National Book Award,2010,Poetry,Lighthead,Terrance Hayes,,
National Book Award,2007,Poetry,Magnetic North,Linda Gregerson,,
National Book Award,2012,Poetry,Meme,Susan Wheeler,,
National Book Award,2001,Poetry,Mercurochrome,Wanda Coleman ,,
National Book Award,2007,Poetry,Messenger: New and Selected Poems 1976-2006 ,Ellen Bryant Voigt,,
National Book Award,2005,Poetry,Migration: New and Selected Poems ,W.S. Merwin,,
National Book Award,2000,Poetry,New Addresses: Poems,Kenneth Koch,,
National Book Award,2012,Poetry,Night of the Republic,Alan Shapiro,,
National Book Award,2007,Poetry,Old Heart ,Stanley Plumly,,
National Book Award,2010,Poetry,One with Others ,C.D. Wright,,
National Book Award,2009,Poetry,Open Interval,Lyrae Van Clief-Stefanon,,
National Book Award,2009,Poetry,Or to Begin Again,Ann Lauterbach,,
National Book Award,2001,Poetry,Poems Seven: New and Complete Poetry ,Alan Dugan,,
National Book Award,2001,Poetry,Rooms are Never Finished,Agha Shahid Ali,,
National Book Award,2002,Poetry,Shadow of Heaven,Ellen Bryant Voigt,,
National Book Award,2004,Poetry,Shoah Train,William Heyen,,
National Book Award,2002,Poetry,Sleeping with the Dictionary,Harryette Mullen,,
National Book Award,2003,Poetry,Sparrow: Poems,Carol Muske-Dukes ,,
National Book Award,2009,Poetry,Speak Low,Carl Phillips,,
National Book Award,2006,Poetry,Splay Anthem,Nathaniel Mackey,,
National Book Award,2005,Poetry,Star Dust: Poems ,Frank Bidart,,
National Book Award,2000,Poetry,Tell Me,Kim Addonizio ,,
National Book Award,2011,Poetry,The Chameleon Couch,Yusef Komunyakaa,,
National Book Award,2010,Poetry,The Eternal City,Kathleen Graber,,
National Book Award,2007,Poetry,The House on Boulevard St,David Kirby,,
National Book Award,2005,Poetry,The Moment’s Equation ,Vern Rutsala,,
National Book Award,2000,Poetry,The Other Lover,Bruce Smith,,
National Book Award,2003,Poetry,The Owner of the House: New Collected Poems 1940-2001,Louis Simpson,,
National Book Award,2004,Poetry,The Rest of Love,Carl Phillips,,
National Book Award,2003,Poetry,The Singing,C.K. Williams,,
National Book Award,2002,Poetry,The Smallest Muscle in the Human Body,Alberto Rios,,
National Book Award,2002,Poetry,The Unswept Room,Sharon Olds,,
National Book Award,2003,Poetry,The Voice at 3:00 AM: Selected Late and New Poems,Charles Simic,,
National Book Award,2001,Poetry,They Can't Take That Away from Me,Gail Mazur,,
National Book Award,2007,Poetry,Time and Materials ,Robert Hass,,
National Book Award,2011,Poetry,Tonight No Poetry Will Serve: Poems 2007-2010,Adrienne Rich,,
National Book Award,2009,Poetry,Transcendental Studies: A Trilogy,Keith Waldrop,,
National Book Award,2009,Poetry,Versed ,Rae Armantrout,,
National Book Award,2008,Poetry,Watching the Spring Festival ,Frank Bidart,,
National Book Award,2005,Poetry,Where Shall I Wander ,John Ashbery,,
National Book Award,2008,Poetry,Without Saying ,Richard Howard,,
National Book Award,2008,Young people's Literature,Chains,Laurie Halse Anderson,,
National Book Award,2009,Young people's Literature,Charles and Emma: The Darwins’ Leap of Faith ,Deborah Heiligman,,
National Book Award,2011,Young people's Literature,Chime ,Franny Billingsley,,
National Book Award,2009,Young people's Literature,Claudette Colvin: Twice Toward Justice,Phillip Hoose,,
National Book Award,2010,Young people's Literature,Dark Water,Laura McNeal,,
National Book Award,2011,Young people's Literature,Flesh & Blood So Cheap: The Triangle Fire and Its Legacy,Albert Marrin,,
National Book Award,2011,Young people's Literature,Inside Out & Back Again,Thanhha Lai,,
National Book Award,2009,Young people's Literature,Jumped,Rita Williams-Garcia,,
National Book Award,2009,Young people's Literature,Lips Touch: Three Times,Laini Taylor,,
National Book Award,2010,Young people's Literature,Lockdown,Walter Dean Myers,,
National Book Award,2010,Young people's Literature,Mockingbird,Kathryn Erskine,,
National Book Award,2011,Young people's Literature,My Name Is Not Easy ,Debby Dahl Edwardson,,
National Book Award,2011,Young people's Literature,Okay for Now ,Gary D. Schmidt,,
National Book Award,2010,Young people's Literature,One Crazy Summer ,Rita Williams-Garcia,,
National Book Award,2010,Young people's Literature,Ship Breaker,Paolo Bacigalupi,,
National Book Award,2009,Young people's Literature,Stitches,David Small,,
National Book Award,2008,Young people's Literature,The Disreputable History of Frankie Landau-Banks ,E. Lockhart,,
National Book Award,2008,Young people's Literature,The Spectacular Now,Tim Tharp,,
National Book Award,2008,Young people's Literature,The Underneath ,Kathi Appelt,,
National Book Award,2008,Young people's Literature,What I Saw and How I Lied,Judy Blundell,,
The New York Times,2004,Nonfiction,Alexander Hamilton ,Ron Chernow,,
The New York Times,2001,Nonfiction,Borrowed Finery: a memoir,Paula Fox,,
The New York Times,2003,Nonfiction,Khrushchev: The Man and His Era,William Taubman,,
The New York Times,2012,Nonfiction,"The Passage of Power: The Years of Lyndon Johnson, Volume 4",Robert A. Caro,,
The New York Times,2011,Fiction,11/22/1963,Stephen King,,
The New York Times,2008,Fiction,A MERCY,Toni Morrison,,
The New York Times,2009,Fiction,A SHORT HISTORY OF WOMEN, Kate Walbert,,
The New York Times,2001,Fiction,Austerlitz,W.G. Sebald,,
The New York Times,2012,Fiction,Bring up the Bodies,Hilary Mantel,,
The New York Times,2003,Fiction,DROP CITY,T.C. Boyle ,,
The New York Times,2004,Fiction,Gilead,Marilynne Robinson,,
The New York Times,2009,Fiction,HALF BROKE HORSES: A True-Life Novel,Jeannette Walls,,
The New York Times,2009,Nonfiction,Lords of Finance: The Bankers Who Broke the World,Liaquat Ahamed,,
The New York Times,2009,Nonfiction,The Age of Wonder: How the Romantic Generation Discovered the Beauty and Terror of Science,Richard Holmes,,
The New York Times,2000,Nonfiction,A HEARTBREAKING WORK OF STAGGERING GENIUS,Dave Eggers,,
The New York Times,2008,Fiction,2666,Roberto Bolaño,,
The New York Times,2009,Fiction,A GATE AT THE STAIRS,Lorrie Moore,,
The New York Times,2012,Fiction,A Hologram for the King,Dave Eggers,,
The New York Times,2010,Fiction,A VISIT FROM THE GOON SQUAD,Jennifer Egan,,
The New York Times,2006,Fiction,ABSURDISTAN,Gary Shteyngart,,
The New York Times,2003,Fiction,Brick Lane,Monica Ali,,
The New York Times,2009,Fiction,CHRONIC CITY,Jonathan Lethem,,
The New York Times,2010,Fiction,Freedom,Jonathan Franzen,,
The New York Times,2008,Nonfiction,The Dark Side: The Inside Story of How the War on Terror Turned into a War on American Ideals,Jane Mayer,,
The New York Times,2007,Nonfiction,The Nine: Inside the Secret World of the Supreme Court,Jeffrey Toobin,,
The New York Times,2006,Nonfiction,The Omnivore's Dilemma: A Natural History of Four Meals,Michael Pollan,,
The New York Times,2011,Nonfiction,"Thinking, Fast and Slow",Daniel Kahneman,,
The New York Times,2009,Fiction,BOTH WAYS IS THE ONLY WAY I WANT IT,Maile Meloy,,
The New York Times,2012,Fiction,Building Stories,Chris Ware,,
The New York Times,2008,Fiction,"DANGEROUS LAUGHTER, Thirteen Stories",Steven Millhauser,,
The New York Times,2005,Fiction,Kafka on the Shore,Haruki Murakami,,
The New York Times,2003,Fiction,LIVING TO TELL THE TALE,Gabriel García Márquez,,
The New York Times,2007,Fiction,MAN GONE DOWN,Michael Thomas,,
The New York Times,2008,Fiction,NETHERLAND,Joseph O'Neill,,
The New York Times,2012,Fiction,NW,Zadie Smith,,
The New York Times,2005,Fiction,On Beauty,Zadie Smith,,
The New York Times,2007,Fiction,OUT STEALING HORSES,Per Petterson,,
The New York Times,2005,Fiction,Prep,Curtis Sittenfeld,,
The New York Times,2010,Fiction,Room ,Emma Donoghue,,
The New York Times,2004,Fiction,Runaway,Alice Munro,,
The New York Times,2005,Fiction,Saturday,Ian McEwan,,
The New York Times,2010,Fiction,Selected Stories,William Trevor,,
The New York Times,2004,Fiction,Snow,Orhan Pamuk,,
The New York Times,2006,Fiction,SPECIAL TOPICS IN CALAMITY PHYSICS, Marisha Pessl,,
The New York Times,2011,Fiction,Swamplandia!,Karen Russell,Alfred A. Knopf,
The New York Times,2011,Fiction,Ten Thousand Saints,Eleanor Henderson,,
The New York Times,2011,Fiction,The Art of Fielding,Chad Harbach,,
The New York Times,2006,Fiction,THE COLLECTED STORIES OF AMY HEMPEL,Amy Hempel ,,
The New York Times,2001,Fiction,The Corrections,Jonathan Franzen,,
The New York Times,2006,Fiction,The Emperor's Children ,Claire Messud,,
The New York Times,2003,Fiction,THE FORTRESS OF SOLITUDE,Jonathan Lethem,,
The New York Times,2000,Fiction,The Human Stain,Philip Roth,,
The New York Times,2003,Fiction,The Known World,Edward P. Jones,,
The New York Times,2006,Fiction,THE LAY OF THE LAND,Richard Ford,,
The New York Times,2004,Fiction,The Master,Colm Toibin,,
The New York Times,2010,Fiction,The New Yorker Stories ,Ann Beattie,,
The New York Times,2004,Fiction,The Plot Against America ,Philip Roth,,
The New York Times,2007,Fiction,The Savage Detectives,Roberto Bolaño,,
The New York Times,2011,Fiction,The Tiger's Wife,Tea Obreht,,
The New York Times,2012,Fiction,The Yellow Birds,Kevin Powers,,
The New York Times,2007,Fiction,Then We Came to the End ,Joshua Ferris,,
The New York Times,2007,Fiction,Tree of Smoke,Denis Johnson,,
The New York Times,2001,Fiction,True History of the Kelly Gang,Peter Carey,,
The New York Times,2008,Fiction,UNACCUSTOMED EARTH ,Jhumpa Lahiri,,
The New York Times,2005,Fiction,Veronica,Mary Gaitskill,,
The New York Times,2004,Fiction,War Trash,Ha Jin,,
The New York Times,2000,Fiction,White Teeth,Zadie Smith,,
The New York Times,2001,Nonfiction,The Metaphysical Club: A Story of Ideas in America,Louis Menand,,
The New York Times,2011,Nonfiction,A World on Fire: An Epic History of Two Nations Divided,Amanda Foreman,,
The New York Times,2010,Nonfiction,APOLLO’S ANGELS: A History of Ballet,Jennifer Homans,,
The New York Times,2011,Nonfiction,Arguably,Christopher Hitchens,,
The New York Times,2012,Nonfiction,Behind the Beautiful Forevers,Katherine Boo,,
The New York Times,2004,Nonfiction,Chronicles: Volume One,Bob Dylan,,
The New York Times,2010,Nonfiction,CLEOPATRA: A Life,Stacy Schiff,,
The New York Times,2005,Nonfiction,"DE KOONING
An American Master",Mark Stevens,Annalyn Swan,
The New York Times,2006,Nonfiction,FALLING THROUGH THE EARTH. A Memoir,Danielle Trussoni,,
The New York Times,2012,Nonfiction,"Far From the Tree: Parents, Children and the Search for Identity",Andrew Solomon,,
The New York Times,2010,Nonfiction,"FINISHING THE HAT: Collected Lyrics (1954-1981) With Attendant Comments, Principles, Heresies, ­Grudges, Whines and Anecdotes",Stephen Sondheim,,
The New York Times,2007,Nonfiction,IMPERIAL LIFE IN THE EMERALD CITY: Inside Iraq's Green Zone, Rajiv Chandrasekaran,,
The New York Times,2009,Nonfiction,LIT: A Memoir,Mary Karr,,
The New York Times,2007,Nonfiction,LITTLE HEATHENS: Hard Times and High Spirits on an Iowa Farm During the Great Depression,Mildred Armstrong Kalish,,
The New York Times,2011,Nonfiction,Malcolm X: A Life of Reinvention,Manning Marable,,
The New York Times,2006,Nonfiction,"Mayflower
A Story of Courage, Community, and War",Nathaniel Philbrick,,
The New York Times,2008,Nonfiction,NOTHING TO BE FRIGHTENED OF,Julian Barnes,,
The New York Times,2005,Nonfiction,"Postwar
A History of Europe Since 1945",Tony Judt,,
The New York Times,2003,Nonfiction,"Random Family: Love, Drugs, Trouble, and Coming of Age in the Bronx",Adrian Nicole LeBlanc,,
The New York Times,2009,Nonfiction,Raymond Carver: A Writer’s Life,Carol Sklenicka,,
The New York Times,2003,Nonfiction,SAMUEL PEPYS: The Unequalled Self,Claire Tomalin,,
The New York Times,2005,Nonfiction,The Assassins' Gate: America in Iraq,George Packer,,
The New York Times,2003,Nonfiction,THE BOUNTY: The True Story of the Mutiny on the Bounty, Caroline Alexander,,
The New York Times,2011,Nonfiction,The Boy in the Moon, Ian Brown,,
The New York Times,2008,Nonfiction,THE FOREVER WAR,Dexter Filkins,,
The New York Times,2009,Nonfiction,THE GOOD SOLDIERS,David Finkel,,
The New York Times,2006,Nonfiction,The Looming Tower: Al-Qaeda and the Road to 9/11,Lawrence Wright,,
The New York Times,2005,Nonfiction,THE LOST PAINTING,Jonathan Harr,,
The New York Times,2007,Nonfiction,The Ordeal of Elizabeth Marsh: A Woman in World History,Linda Colley,,
The New York Times,2012,Nonfiction,The Patriarch,David Nasaw,,
The New York Times,2006,Nonfiction,The Places in Between,Rory Stewart,,
The New York Times,2007,Nonfiction,THE REST IS NOISE: Listening to the Twentieth Century, Alex Ross,,
The New York Times,2010,Nonfiction,THE WARMTH OF OTHER SUNS: The Epic Story of America’s Great Migration,Isabel Wilkerson,,
The New York Times,2008,Nonfiction,The World Is What It Is: The Authorised Biography of V.S. Naipaul,Patrick French,,
The New York Times,2005,Nonfiction,The Year of Magical Thinking,Joan Didion,,
The New York Times,2008,Nonfiction,This Republic of Suffering: Death and the American Civil War,Drew Gilpin Faust,,
The New York Times,2001,Nonfiction,Uncle Tungsten: Memories of a Chemical Boyhood,Oliver Sacks,,
The New York Times,2004,Nonfiction,Washington’s Crossing,David Hackett Fischer ,,
The New York Times,2012,Nonfiction,Why Does the World Exist?,Jim Holt,,
The New York Times,2004,Nonfiction,Will in the World: How Shakespeare Became Shakespeare,Stephen Greenblatt,,
The New York Times,2010,Science and Technology,The Emperor of All Maladies: A Biography of Cancer,Siddhartha Mukherjee,,
The New York Times,2000,,BEING DEAD ,Jim Crace,,
The New York Times,2000,,BEOWULF: A New Verse Translation,Seamus Heaney,,
The New York Times,2000,,"GENOME: 
The Autobiography of a Species in 23 Chapters",Matt Ridley,,
The New York Times,2000,,Gertrude and Claudius,By John Updike,,
The New York Times,2001,,"Hateship, Friendship, Courtship, Loveship, Marriage Stories",Alice Munro,,
The New York Times,2001,,John Adams,David McCullough,,
The New York Times,2001,,John Henry Days,Colson Whitehead,,
The New York Times,2000,,"One Palestine, Complete: 
Jews and Arabs Under the British Mandate",Tom Segev,,
The New York Times,2000,,RIMBAUD,Graham Robb,,
The New York Times,2000,,"Way Out There in the Blue: Reagan, Star Wars and the End of the Cold War",Frances FitzGerald,,